Master ID:ubyte,Master Name:string,Channel Number:ubyte,Module:string,Data Message:string,Data:ulong,Domain:string,Class:string,Type:string,Data Size:ubyte,Address:uinteger,Delta Cycles:ulong,Cycle:integer,Trace Status:string,Receiver Status:string,Local Delta Timestamp:ulong,Local Timestamp:integer,Overflow Count:ubyte,Trace Position Data,Program Address:uinteger,Load Address:uinteger,
,,,,,,,,,,,,,Start of trace,,,,,0x00 0x00 0x00 0x00 0x00 0x00 0x00 0x00 0x00 0x00 0x00 0x00 0x00 0x00 0x00 0x00 ,,,
164,SMSET,,SET,start,1,iCONT1,task1,Event,,,0,0,,,1425408,0,,0x01 0x00 0x00 0x00 0x00 0x00 0x00 0x00 0x00 0x00 0x00 0x00 0x00 0x00 0x00 0x00 ,,,
164,SMSET,,SET,stop,2,iCONT1,task1,Event,,,334,334,,,676,1425408,,0x02 0x00 0x00 0x00 0x00 0x00 0x00 0x00 0x00 0x00 0x00 0x00 0x00 0x00 0x00 0x00 ,,,
164,SMSET,,SET,start,1,iCONT1,task1,Event,,,356,690,,,712,1426084,,0x03 0x00 0x00 0x00 0x00 0x00 0x00 0x00 0x00 0x00 0x00 0x00 0x00 0x00 0x00 0x00 ,,,
164,SMSET,,SET,stop,2,iCONT1,task1,Event,,,576,1266,,,1160,1426796,,0x04 0x00 0x00 0x00 0x00 0x00 0x00 0x00 0x00 0x00 0x00 0x00 0x00 0x00 0x00 0x00 ,,,
164,SMSET,,SET,start,1,iCONT1,task1,Event,,,38,1304,,,77,1427956,,0x05 0x00 0x00 0x00 0x00 0x00 0x00 0x00 0x00 0x00 0x00 0x00 0x00 0x00 0x00 0x00 ,,,
164,SMSET,,SET,stop,8,iCONT1,task4,Event,,,44,1348,,,96,1428033,,0x06 0x00 0x00 0x00 0x00 0x00 0x00 0x00 0x00 0x00 0x00 0x00 0x00 0x00 0x00 0x00 ,,,
164,SMSET,,SET,start,7,iCONT1,task4,Event,,,3,1351,,,3,1428129,,0x07 0x00 0x00 0x00 0x00 0x00 0x00 0x00 0x00 0x00 0x00 0x00 0x00 0x00 0x00 0x00 ,,,
164,SMSET,,SET,start,7,iCONT1,task4,Event,,,51,1402,,,103,1428132,,0x08 0x00 0x00 0x00 0x00 0x00 0x00 0x00 0x00 0x00 0x00 0x00 0x00 0x00 0x00 0x00 ,,,
164,SMSET,,SET,start,7,iCONT1,task4,Event,,,248,1650,,,502,1428235,,0x09 0x00 0x00 0x00 0x00 0x00 0x00 0x00 0x00 0x00 0x00 0x00 0x00 0x00 0x00 0x00 ,,,
164,SMSET,,SET,start,7,iCONT1,task4,Event,,,79,1729,,,158,1428737,,0x0a 0x00 0x00 0x00 0x00 0x00 0x00 0x00 0x00 0x00 0x00 0x00 0x00 0x00 0x00 0x00 ,,,
164,SMSET,,SET,start,7,iCONT1,task4,Event,,,125,1854,,,256,1428895,,0x0b 0x00 0x00 0x00 0x00 0x00 0x00 0x00 0x00 0x00 0x00 0x00 0x00 0x00 0x00 0x00 ,,,
164,SMSET,,SET,start,7,iCONT1,task4,Event,,,502,2356,,,1004,1429151,,0x0c 0x00 0x00 0x00 0x00 0x00 0x00 0x00 0x00 0x00 0x00 0x00 0x00 0x00 0x00 0x00 ,,,
164,SMSET,,SET,stop,2,iCONT1,task1,Event,,,300,2656,,,604,1430155,,0x0d 0x00 0x00 0x00 0x00 0x00 0x00 0x00 0x00 0x00 0x00 0x00 0x00 0x00 0x00 0x00 ,,,
164,SMSET,,SET,stop,8,iCONT1,task4,Event,,,34,2690,,,68,1430759,,0x0e 0x00 0x00 0x00 0x00 0x00 0x00 0x00 0x00 0x00 0x00 0x00 0x00 0x00 0x00 0x00 ,,,
164,SMSET,,SET,start,1,iCONT1,task1,Event,,,1,2691,,,2,1430827,,0x0f 0x00 0x00 0x00 0x00 0x00 0x00 0x00 0x00 0x00 0x00 0x00 0x00 0x00 0x00 0x00 ,,,
164,SMSET,,SET,start,7,iCONT1,task4,Event,,,1,2692,,,1,1430829,,0x10 0x00 0x00 0x00 0x00 0x00 0x00 0x00 0x00 0x00 0x00 0x00 0x00 0x00 0x00 0x00 ,,,
164,SMSET,,SET,start,7,iCONT1,task4,Event,,,2,2694,,,15,1430830,,0x11 0x00 0x00 0x00 0x00 0x00 0x00 0x00 0x00 0x00 0x00 0x00 0x00 0x00 0x00 0x00 ,,,
164,SMSET,,SET,start,7,iCONT1,task4,Event,,,292,2986,,,592,1430845,,0x12 0x00 0x00 0x00 0x00 0x00 0x00 0x00 0x00 0x00 0x00 0x00 0x00 0x00 0x00 0x00 ,,,
164,SMSET,,SET,start,7,iCONT1,task4,Event,,,80,3066,,,158,1431437,,0x13 0x00 0x00 0x00 0x00 0x00 0x00 0x00 0x00 0x00 0x00 0x00 0x00 0x00 0x00 0x00 ,,,
164,SMSET,,SET,start,7,iCONT1,task4,Event,,,128,3194,,,256,1431595,,0x14 0x00 0x00 0x00 0x00 0x00 0x00 0x00 0x00 0x00 0x00 0x00 0x00 0x00 0x00 0x00 ,,,
164,SMSET,,SET,start,7,iCONT1,task4,Event,,,500,3694,,,1004,1431851,,0x15 0x00 0x00 0x00 0x00 0x00 0x00 0x00 0x00 0x00 0x00 0x00 0x00 0x00 0x00 0x00 ,,,
164,SMSET,,SET,stop,2,iCONT1,task1,Event,,,296,3990,,,600,1432855,,0x16 0x00 0x00 0x00 0x00 0x00 0x00 0x00 0x00 0x00 0x00 0x00 0x00 0x00 0x00 0x00 ,,,
164,SMSET,,SET,stop,8,iCONT1,task4,Event,,,17,4007,,,36,1433455,,0x17 0x00 0x00 0x00 0x00 0x00 0x00 0x00 0x00 0x00 0x00 0x00 0x00 0x00 0x00 0x00 ,,,
164,SMSET,,SET,start,1,iCONT1,task1,Event,,,2,4009,,,2,1433491,,0x18 0x00 0x00 0x00 0x00 0x00 0x00 0x00 0x00 0x00 0x00 0x00 0x00 0x00 0x00 0x00 ,,,
164,SMSET,,SET,start,7,iCONT1,task4,Event,,,1,4010,,,1,1433493,,0x19 0x00 0x00 0x00 0x00 0x00 0x00 0x00 0x00 0x00 0x00 0x00 0x00 0x00 0x00 0x00 ,,,
164,SMSET,,SET,start,7,iCONT1,task4,Event,,,4,4014,,,15,1433494,,0x1a 0x00 0x00 0x00 0x00 0x00 0x00 0x00 0x00 0x00 0x00 0x00 0x00 0x00 0x00 0x00 ,,,
164,SMSET,,SET,start,7,iCONT1,task4,Event,,,292,4306,,,592,1433509,,0x1b 0x00 0x00 0x00 0x00 0x00 0x00 0x00 0x00 0x00 0x00 0x00 0x00 0x00 0x00 0x00 ,,,
164,SMSET,,SET,start,7,iCONT1,task4,Event,,,80,4386,,,158,1434101,,0x1c 0x00 0x00 0x00 0x00 0x00 0x00 0x00 0x00 0x00 0x00 0x00 0x00 0x00 0x00 0x00 ,,,
164,SMSET,,SET,start,7,iCONT1,task4,Event,,,125,4511,,,256,1434259,,0x1d 0x00 0x00 0x00 0x00 0x00 0x00 0x00 0x00 0x00 0x00 0x00 0x00 0x00 0x00 0x00 ,,,
164,SMSET,,SET,start,7,iCONT1,task4,Event,,,502,5013,,,1004,1434515,,0x1e 0x00 0x00 0x00 0x00 0x00 0x00 0x00 0x00 0x00 0x00 0x00 0x00 0x00 0x00 0x00 ,,,
164,SMSET,,SET,stop,2,iCONT1,task1,Event,,,274,5287,,,552,1435519,,0x1f 0x00 0x00 0x00 0x00 0x00 0x00 0x00 0x00 0x00 0x00 0x00 0x00 0x00 0x00 0x00 ,,,
164,SMSET,,SET,stop,8,iCONT1,task4,Event,,,17,5304,,,36,1436071,,0x20 0x00 0x00 0x00 0x00 0x00 0x00 0x00 0x00 0x00 0x00 0x00 0x00 0x00 0x00 0x00 ,,,
164,SMSET,,SET,start,1,iCONT1,task1,Event,,,0,5304,,,2,1436107,,0x21 0x00 0x00 0x00 0x00 0x00 0x00 0x00 0x00 0x00 0x00 0x00 0x00 0x00 0x00 0x00 ,,,
164,SMSET,,SET,start,7,iCONT1,task4,Event,,,2,5306,,,1,1436109,,0x22 0x00 0x00 0x00 0x00 0x00 0x00 0x00 0x00 0x00 0x00 0x00 0x00 0x00 0x00 0x00 ,,,
164,SMSET,,SET,start,7,iCONT1,task4,Event,,,2,5308,,,15,1436110,,0x23 0x00 0x00 0x00 0x00 0x00 0x00 0x00 0x00 0x00 0x00 0x00 0x00 0x00 0x00 0x00 ,,,
164,SMSET,,SET,start,7,iCONT1,task4,Event,,,292,5600,,,592,1436125,,0x24 0x00 0x00 0x00 0x00 0x00 0x00 0x00 0x00 0x00 0x00 0x00 0x00 0x00 0x00 0x00 ,,,
164,SMSET,,SET,start,7,iCONT1,task4,Event,,,79,5679,,,158,1436717,,0x25 0x00 0x00 0x00 0x00 0x00 0x00 0x00 0x00 0x00 0x00 0x00 0x00 0x00 0x00 0x00 ,,,
164,SMSET,,SET,start,7,iCONT1,task4,Event,,,129,5808,,,256,1436875,,0x26 0x00 0x00 0x00 0x00 0x00 0x00 0x00 0x00 0x00 0x00 0x00 0x00 0x00 0x00 0x00 ,,,
164,SMSET,,SET,start,7,iCONT1,task4,Event,,,498,6306,,,1004,1437131,,0x27 0x00 0x00 0x00 0x00 0x00 0x00 0x00 0x00 0x00 0x00 0x00 0x00 0x00 0x00 0x00 ,,,
164,SMSET,,SET,stop,2,iCONT1,task1,Event,,,262,6568,,,524,1438135,,0x28 0x00 0x00 0x00 0x00 0x00 0x00 0x00 0x00 0x00 0x00 0x00 0x00 0x00 0x00 0x00 ,,,
164,SMSET,,SET,stop,8,iCONT1,task4,Event,,,16,6584,,,34,1438659,,0x29 0x00 0x00 0x00 0x00 0x00 0x00 0x00 0x00 0x00 0x00 0x00 0x00 0x00 0x00 0x00 ,,,
164,SMSET,,SET,start,1,iCONT1,task1,Event,,,1,6585,,,2,1438693,,0x2a 0x00 0x00 0x00 0x00 0x00 0x00 0x00 0x00 0x00 0x00 0x00 0x00 0x00 0x00 0x00 ,,,
164,SMSET,,SET,start,7,iCONT1,task4,Event,,,1,6586,,,1,1438695,,0x2b 0x00 0x00 0x00 0x00 0x00 0x00 0x00 0x00 0x00 0x00 0x00 0x00 0x00 0x00 0x00 ,,,
164,SMSET,,SET,start,7,iCONT1,task4,Event,,,2,6588,,,15,1438696,,0x2c 0x00 0x00 0x00 0x00 0x00 0x00 0x00 0x00 0x00 0x00 0x00 0x00 0x00 0x00 0x00 ,,,
164,SMSET,,SET,start,7,iCONT1,task4,Event,,,292,6880,,,592,1438711,,0x2d 0x00 0x00 0x00 0x00 0x00 0x00 0x00 0x00 0x00 0x00 0x00 0x00 0x00 0x00 0x00 ,,,
164,SMSET,,SET,start,7,iCONT1,task4,Event,,,80,6960,,,158,1439303,,0x2e 0x00 0x00 0x00 0x00 0x00 0x00 0x00 0x00 0x00 0x00 0x00 0x00 0x00 0x00 0x00 ,,,
164,SMSET,,SET,start,7,iCONT1,task4,Event,,,125,7085,,,256,1439461,,0x2f 0x00 0x00 0x00 0x00 0x00 0x00 0x00 0x00 0x00 0x00 0x00 0x00 0x00 0x00 0x00 ,,,
164,SMSET,,SET,start,7,iCONT1,task4,Event,,,502,7587,,,1004,1439717,,0x30 0x00 0x00 0x00 0x00 0x00 0x00 0x00 0x00 0x00 0x00 0x00 0x00 0x00 0x00 0x00 ,,,
164,SMSET,,SET,stop,2,iCONT1,task1,Event,,,288,7875,,,584,1440721,,0x31 0x00 0x00 0x00 0x00 0x00 0x00 0x00 0x00 0x00 0x00 0x00 0x00 0x00 0x00 0x00 ,,,
164,SMSET,,SET,stop,8,iCONT1,task4,Event,,,17,7892,,,36,1441305,,0x32 0x00 0x00 0x00 0x00 0x00 0x00 0x00 0x00 0x00 0x00 0x00 0x00 0x00 0x00 0x00 ,,,
164,SMSET,,SET,start,1,iCONT1,task1,Event,,,0,7892,,,2,1441341,,0x33 0x00 0x00 0x00 0x00 0x00 0x00 0x00 0x00 0x00 0x00 0x00 0x00 0x00 0x00 0x00 ,,,
164,SMSET,,SET,start,7,iCONT1,task4,Event,,,2,7894,,,1,1441343,,0x34 0x00 0x00 0x00 0x00 0x00 0x00 0x00 0x00 0x00 0x00 0x00 0x00 0x00 0x00 0x00 ,,,
164,SMSET,,SET,start,7,iCONT1,task4,Event,,,5,7899,,,15,1441344,,0x35 0x00 0x00 0x00 0x00 0x00 0x00 0x00 0x00 0x00 0x00 0x00 0x00 0x00 0x00 0x00 ,,,
164,SMSET,,SET,start,7,iCONT1,task4,Event,,,292,8191,,,592,1441359,,0x36 0x00 0x00 0x00 0x00 0x00 0x00 0x00 0x00 0x00 0x00 0x00 0x00 0x00 0x00 0x00 ,,,
164,SMSET,,SET,start,7,iCONT1,task4,Event,,,76,8267,,,158,1441951,,0x37 0x00 0x00 0x00 0x00 0x00 0x00 0x00 0x00 0x00 0x00 0x00 0x00 0x00 0x00 0x00 ,,,
164,SMSET,,SET,start,7,iCONT1,task4,Event,,,129,8396,,,256,1442109,,0x38 0x00 0x00 0x00 0x00 0x00 0x00 0x00 0x00 0x00 0x00 0x00 0x00 0x00 0x00 0x00 ,,,
164,SMSET,,SET,start,7,iCONT1,task4,Event,,,498,8894,,,1004,1442365,,0x39 0x00 0x00 0x00 0x00 0x00 0x00 0x00 0x00 0x00 0x00 0x00 0x00 0x00 0x00 0x00 ,,,
164,SMSET,,SET,stop,2,iCONT1,task1,Event,,,276,9170,,,552,1443369,,0x3a 0x00 0x00 0x00 0x00 0x00 0x00 0x00 0x00 0x00 0x00 0x00 0x00 0x00 0x00 0x00 ,,,
164,SMSET,,SET,stop,8,iCONT1,task4,Event,,,16,9186,,,38,1443921,,0x3b 0x00 0x00 0x00 0x00 0x00 0x00 0x00 0x00 0x00 0x00 0x00 0x00 0x00 0x00 0x00 ,,,
164,SMSET,,SET,start,1,iCONT1,task1,Event,,,3,9189,,,2,1443959,,0x3c 0x00 0x00 0x00 0x00 0x00 0x00 0x00 0x00 0x00 0x00 0x00 0x00 0x00 0x00 0x00 ,,,
164,SMSET,,SET,start,7,iCONT1,task4,Event,,,0,9189,,,1,1443961,,0x3d 0x00 0x00 0x00 0x00 0x00 0x00 0x00 0x00 0x00 0x00 0x00 0x00 0x00 0x00 0x00 ,,,
164,SMSET,,SET,start,7,iCONT1,task4,Event,,,5,9194,,,15,1443962,,0x3e 0x00 0x00 0x00 0x00 0x00 0x00 0x00 0x00 0x00 0x00 0x00 0x00 0x00 0x00 0x00 ,,,
164,SMSET,,SET,start,7,iCONT1,task4,Event,,,292,9486,,,592,1443977,,0x3f 0x00 0x00 0x00 0x00 0x00 0x00 0x00 0x00 0x00 0x00 0x00 0x00 0x00 0x00 0x00 ,,,
164,SMSET,,SET,start,7,iCONT1,task4,Event,,,79,9565,,,158,1444569,,0x40 0x00 0x00 0x00 0x00 0x00 0x00 0x00 0x00 0x00 0x00 0x00 0x00 0x00 0x00 0x00 ,,,
164,SMSET,,SET,start,7,iCONT1,task4,Event,,,125,9690,,,256,1444727,,0x41 0x00 0x00 0x00 0x00 0x00 0x00 0x00 0x00 0x00 0x00 0x00 0x00 0x00 0x00 0x00 ,,,
164,SMSET,,SET,start,7,iCONT1,task4,Event,,,502,10192,,,1004,1444983,,0x42 0x00 0x00 0x00 0x00 0x00 0x00 0x00 0x00 0x00 0x00 0x00 0x00 0x00 0x00 0x00 ,,,
164,SMSET,,SET,stop,2,iCONT1,task1,Event,,,272,10464,,,552,1445987,,0x43 0x00 0x00 0x00 0x00 0x00 0x00 0x00 0x00 0x00 0x00 0x00 0x00 0x00 0x00 0x00 ,,,
164,SMSET,,SET,stop,8,iCONT1,task4,Event,,,20,10484,,,38,1446539,,0x44 0x00 0x00 0x00 0x00 0x00 0x00 0x00 0x00 0x00 0x00 0x00 0x00 0x00 0x00 0x00 ,,,
164,SMSET,,SET,start,1,iCONT1,task1,Event,,,1,10485,,,2,1446577,,0x45 0x00 0x00 0x00 0x00 0x00 0x00 0x00 0x00 0x00 0x00 0x00 0x00 0x00 0x00 0x00 ,,,
164,SMSET,,SET,start,7,iCONT1,task4,Event,,,1,10486,,,1,1446579,,0x46 0x00 0x00 0x00 0x00 0x00 0x00 0x00 0x00 0x00 0x00 0x00 0x00 0x00 0x00 0x00 ,,,
164,SMSET,,SET,start,7,iCONT1,task4,Event,,,2,10488,,,15,1446580,,0x47 0x00 0x00 0x00 0x00 0x00 0x00 0x00 0x00 0x00 0x00 0x00 0x00 0x00 0x00 0x00 ,,,
164,SMSET,,SET,start,7,iCONT1,task4,Event,,,292,10780,,,592,1446595,,0x48 0x00 0x00 0x00 0x00 0x00 0x00 0x00 0x00 0x00 0x00 0x00 0x00 0x00 0x00 0x00 ,,,
164,SMSET,,SET,start,7,iCONT1,task4,Event,,,80,10860,,,158,1447187,,0x49 0x00 0x00 0x00 0x00 0x00 0x00 0x00 0x00 0x00 0x00 0x00 0x00 0x00 0x00 0x00 ,,,
164,SMSET,,SET,start,7,iCONT1,task4,Event,,,125,10985,,,256,1447345,,0x4a 0x00 0x00 0x00 0x00 0x00 0x00 0x00 0x00 0x00 0x00 0x00 0x00 0x00 0x00 0x00 ,,,
164,SMSET,,SET,start,7,iCONT1,task4,Event,,,502,11487,,,1004,1447601,,0x4b 0x00 0x00 0x00 0x00 0x00 0x00 0x00 0x00 0x00 0x00 0x00 0x00 0x00 0x00 0x00 ,,,
164,SMSET,,SET,stop,2,iCONT1,task1,Event,,,264,11751,,,536,1448605,,0x4c 0x00 0x00 0x00 0x00 0x00 0x00 0x00 0x00 0x00 0x00 0x00 0x00 0x00 0x00 0x00 ,,,
164,SMSET,,SET,stop,8,iCONT1,task4,Event,,,20,11771,,,37,1449141,,0x4d 0x00 0x00 0x00 0x00 0x00 0x00 0x00 0x00 0x00 0x00 0x00 0x00 0x00 0x00 0x00 ,,,
164,SMSET,,SET,start,1,iCONT1,task1,Event,,,0,11771,,,2,1449178,,0x4e 0x00 0x00 0x00 0x00 0x00 0x00 0x00 0x00 0x00 0x00 0x00 0x00 0x00 0x00 0x00 ,,,
164,SMSET,,SET,start,7,iCONT1,task4,Event,,,2,11773,,,1,1449180,,0x4f 0x00 0x00 0x00 0x00 0x00 0x00 0x00 0x00 0x00 0x00 0x00 0x00 0x00 0x00 0x00 ,,,
164,SMSET,,SET,start,7,iCONT1,task4,Event,,,2,11775,,,15,1449181,,0x50 0x00 0x00 0x00 0x00 0x00 0x00 0x00 0x00 0x00 0x00 0x00 0x00 0x00 0x00 0x00 ,,,
164,SMSET,,SET,start,7,iCONT1,task4,Event,,,292,12067,,,592,1449196,,0x51 0x00 0x00 0x00 0x00 0x00 0x00 0x00 0x00 0x00 0x00 0x00 0x00 0x00 0x00 0x00 ,,,
164,SMSET,,SET,start,7,iCONT1,task4,Event,,,79,12146,,,158,1449788,,0x52 0x00 0x00 0x00 0x00 0x00 0x00 0x00 0x00 0x00 0x00 0x00 0x00 0x00 0x00 0x00 ,,,
164,SMSET,,SET,start,7,iCONT1,task4,Event,,,125,12271,,,256,1449946,,0x53 0x00 0x00 0x00 0x00 0x00 0x00 0x00 0x00 0x00 0x00 0x00 0x00 0x00 0x00 0x00 ,,,
164,SMSET,,SET,start,7,iCONT1,task4,Event,,,502,12773,,,1004,1450202,,0x54 0x00 0x00 0x00 0x00 0x00 0x00 0x00 0x00 0x00 0x00 0x00 0x00 0x00 0x00 0x00 ,,,
164,SMSET,,SET,stop,2,iCONT1,task1,Event,,,258,13031,,,516,1451206,,0x55 0x00 0x00 0x00 0x00 0x00 0x00 0x00 0x00 0x00 0x00 0x00 0x00 0x00 0x00 0x00 ,,,
164,SMSET,,SET,stop,8,iCONT1,task4,Event,,,17,13048,,,37,1451722,,0x56 0x00 0x00 0x00 0x00 0x00 0x00 0x00 0x00 0x00 0x00 0x00 0x00 0x00 0x00 0x00 ,,,
164,SMSET,,SET,start,1,iCONT1,task1,Event,,,0,13048,,,2,1451759,,0x57 0x00 0x00 0x00 0x00 0x00 0x00 0x00 0x00 0x00 0x00 0x00 0x00 0x00 0x00 0x00 ,,,
164,SMSET,,SET,start,7,iCONT1,task4,Event,,,2,13050,,,1,1451761,,0x58 0x00 0x00 0x00 0x00 0x00 0x00 0x00 0x00 0x00 0x00 0x00 0x00 0x00 0x00 0x00 ,,,
164,SMSET,,SET,start,7,iCONT1,task4,Event,,,2,13052,,,15,1451762,,0x59 0x00 0x00 0x00 0x00 0x00 0x00 0x00 0x00 0x00 0x00 0x00 0x00 0x00 0x00 0x00 ,,,
164,SMSET,,SET,start,7,iCONT1,task4,Event,,,296,13348,,,592,1451777,,0x5a 0x00 0x00 0x00 0x00 0x00 0x00 0x00 0x00 0x00 0x00 0x00 0x00 0x00 0x00 0x00 ,,,
164,SMSET,,SET,start,7,iCONT1,task4,Event,,,76,13424,,,158,1452369,,0x5b 0x00 0x00 0x00 0x00 0x00 0x00 0x00 0x00 0x00 0x00 0x00 0x00 0x00 0x00 0x00 ,,,
164,SMSET,,SET,start,7,iCONT1,task4,Event,,,129,13553,,,256,1452527,,0x5c 0x00 0x00 0x00 0x00 0x00 0x00 0x00 0x00 0x00 0x00 0x00 0x00 0x00 0x00 0x00 ,,,
164,SMSET,,SET,start,7,iCONT1,task4,Event,,,498,14051,,,1004,1452783,,0x5d 0x00 0x00 0x00 0x00 0x00 0x00 0x00 0x00 0x00 0x00 0x00 0x00 0x00 0x00 0x00 ,,,
164,SMSET,,SET,stop,2,iCONT1,task1,Event,,,276,14327,,,552,1453787,,0x5e 0x00 0x00 0x00 0x00 0x00 0x00 0x00 0x00 0x00 0x00 0x00 0x00 0x00 0x00 0x00 ,,,
164,SMSET,,SET,stop,8,iCONT1,task4,Event,,,30,14357,,,61,1454339,,0x5f 0x00 0x00 0x00 0x00 0x00 0x00 0x00 0x00 0x00 0x00 0x00 0x00 0x00 0x00 0x00 ,,,
164,SMSET,,SET,start,1,iCONT1,task1,Event,,,1,14358,,,2,1454400,,0x60 0x00 0x00 0x00 0x00 0x00 0x00 0x00 0x00 0x00 0x00 0x00 0x00 0x00 0x00 0x00 ,,,
164,SMSET,,SET,start,7,iCONT1,task4,Event,,,1,14359,,,1,1454402,,0x61 0x00 0x00 0x00 0x00 0x00 0x00 0x00 0x00 0x00 0x00 0x00 0x00 0x00 0x00 0x00 ,,,
164,SMSET,,SET,start,7,iCONT1,task4,Event,,,2,14361,,,15,1454403,,0x62 0x00 0x00 0x00 0x00 0x00 0x00 0x00 0x00 0x00 0x00 0x00 0x00 0x00 0x00 0x00 ,,,
164,SMSET,,SET,start,7,iCONT1,task4,Event,,,292,14653,,,592,1454418,,0x63 0x00 0x00 0x00 0x00 0x00 0x00 0x00 0x00 0x00 0x00 0x00 0x00 0x00 0x00 0x00 ,,,
164,SMSET,,SET,start,7,iCONT1,task4,Event,,,80,14733,,,158,1455010,,0x64 0x00 0x00 0x00 0x00 0x00 0x00 0x00 0x00 0x00 0x00 0x00 0x00 0x00 0x00 0x00 ,,,
164,SMSET,,SET,start,7,iCONT1,task4,Event,,,125,14858,,,256,1455168,,0x65 0x00 0x00 0x00 0x00 0x00 0x00 0x00 0x00 0x00 0x00 0x00 0x00 0x00 0x00 0x00 ,,,
164,SMSET,,SET,start,7,iCONT1,task4,Event,,,502,15360,,,1004,1455424,,0x66 0x00 0x00 0x00 0x00 0x00 0x00 0x00 0x00 0x00 0x00 0x00 0x00 0x00 0x00 0x00 ,,,
164,SMSET,,SET,stop,2,iCONT1,task1,Event,,,288,15648,,,580,1456428,,0x67 0x00 0x00 0x00 0x00 0x00 0x00 0x00 0x00 0x00 0x00 0x00 0x00 0x00 0x00 0x00 ,,,
164,SMSET,,SET,stop,8,iCONT1,task4,Event,,,17,15665,,,38,1457008,,0x68 0x00 0x00 0x00 0x00 0x00 0x00 0x00 0x00 0x00 0x00 0x00 0x00 0x00 0x00 0x00 ,,,
164,SMSET,,SET,start,1,iCONT1,task1,Event,,,0,15665,,,2,1457046,,0x69 0x00 0x00 0x00 0x00 0x00 0x00 0x00 0x00 0x00 0x00 0x00 0x00 0x00 0x00 0x00 ,,,
164,SMSET,,SET,start,7,iCONT1,task4,Event,,,2,15667,,,1,1457048,,0x6a 0x00 0x00 0x00 0x00 0x00 0x00 0x00 0x00 0x00 0x00 0x00 0x00 0x00 0x00 0x00 ,,,
164,SMSET,,SET,start,7,iCONT1,task4,Event,,,5,15672,,,15,1457049,,0x6b 0x00 0x00 0x00 0x00 0x00 0x00 0x00 0x00 0x00 0x00 0x00 0x00 0x00 0x00 0x00 ,,,
164,SMSET,,SET,start,7,iCONT1,task4,Event,,,292,15964,,,592,1457064,,0x6c 0x00 0x00 0x00 0x00 0x00 0x00 0x00 0x00 0x00 0x00 0x00 0x00 0x00 0x00 0x00 ,,,
164,SMSET,,SET,start,7,iCONT1,task4,Event,,,76,16040,,,158,1457656,,0x6d 0x00 0x00 0x00 0x00 0x00 0x00 0x00 0x00 0x00 0x00 0x00 0x00 0x00 0x00 0x00 ,,,
164,SMSET,,SET,start,7,iCONT1,task4,Event,,,129,16169,,,256,1457814,,0x6e 0x00 0x00 0x00 0x00 0x00 0x00 0x00 0x00 0x00 0x00 0x00 0x00 0x00 0x00 0x00 ,,,
164,SMSET,,SET,start,7,iCONT1,task4,Event,,,498,16667,,,1004,1458070,,0x6f 0x00 0x00 0x00 0x00 0x00 0x00 0x00 0x00 0x00 0x00 0x00 0x00 0x00 0x00 0x00 ,,,
164,SMSET,,SET,stop,2,iCONT1,task1,Event,,,276,16943,,,552,1459074,,0x70 0x00 0x00 0x00 0x00 0x00 0x00 0x00 0x00 0x00 0x00 0x00 0x00 0x00 0x00 0x00 ,,,
164,SMSET,,SET,stop,8,iCONT1,task4,Event,,,16,16959,,,36,1459626,,0x71 0x00 0x00 0x00 0x00 0x00 0x00 0x00 0x00 0x00 0x00 0x00 0x00 0x00 0x00 0x00 ,,,
164,SMSET,,SET,start,1,iCONT1,task1,Event,,,3,16962,,,2,1459662,,0x72 0x00 0x00 0x00 0x00 0x00 0x00 0x00 0x00 0x00 0x00 0x00 0x00 0x00 0x00 0x00 ,,,
164,SMSET,,SET,start,7,iCONT1,task4,Event,,,0,16962,,,1,1459664,,0x73 0x00 0x00 0x00 0x00 0x00 0x00 0x00 0x00 0x00 0x00 0x00 0x00 0x00 0x00 0x00 ,,,
164,SMSET,,SET,start,7,iCONT1,task4,Event,,,5,16967,,,15,1459665,,0x74 0x00 0x00 0x00 0x00 0x00 0x00 0x00 0x00 0x00 0x00 0x00 0x00 0x00 0x00 0x00 ,,,
164,SMSET,,SET,start,7,iCONT1,task4,Event,,,292,17259,,,592,1459680,,0x75 0x00 0x00 0x00 0x00 0x00 0x00 0x00 0x00 0x00 0x00 0x00 0x00 0x00 0x00 0x00 ,,,
164,SMSET,,SET,start,7,iCONT1,task4,Event,,,79,17338,,,158,1460272,,0x76 0x00 0x00 0x00 0x00 0x00 0x00 0x00 0x00 0x00 0x00 0x00 0x00 0x00 0x00 0x00 ,,,
164,SMSET,,SET,start,7,iCONT1,task4,Event,,,125,17463,,,256,1460430,,0x77 0x00 0x00 0x00 0x00 0x00 0x00 0x00 0x00 0x00 0x00 0x00 0x00 0x00 0x00 0x00 ,,,
164,SMSET,,SET,start,7,iCONT1,task4,Event,,,502,17965,,,1004,1460686,,0x78 0x00 0x00 0x00 0x00 0x00 0x00 0x00 0x00 0x00 0x00 0x00 0x00 0x00 0x00 0x00 ,,,
164,SMSET,,SET,stop,2,iCONT1,task1,Event,,,290,18255,,,584,1461690,,0x79 0x00 0x00 0x00 0x00 0x00 0x00 0x00 0x00 0x00 0x00 0x00 0x00 0x00 0x00 0x00 ,,,
164,SMSET,,SET,stop,8,iCONT1,task4,Event,,,16,18271,,,35,1462274,,0x7a 0x00 0x00 0x00 0x00 0x00 0x00 0x00 0x00 0x00 0x00 0x00 0x00 0x00 0x00 0x00 ,,,
164,SMSET,,SET,start,1,iCONT1,task1,Event,,,1,18272,,,2,1462309,,0x7b 0x00 0x00 0x00 0x00 0x00 0x00 0x00 0x00 0x00 0x00 0x00 0x00 0x00 0x00 0x00 ,,,
164,SMSET,,SET,start,7,iCONT1,task4,Event,,,1,18273,,,1,1462311,,0x7c 0x00 0x00 0x00 0x00 0x00 0x00 0x00 0x00 0x00 0x00 0x00 0x00 0x00 0x00 0x00 ,,,
164,SMSET,,SET,start,7,iCONT1,task4,Event,,,2,18275,,,15,1462312,,0x7d 0x00 0x00 0x00 0x00 0x00 0x00 0x00 0x00 0x00 0x00 0x00 0x00 0x00 0x00 0x00 ,,,
164,SMSET,,SET,start,7,iCONT1,task4,Event,,,296,18571,,,592,1462327,,0x7e 0x00 0x00 0x00 0x00 0x00 0x00 0x00 0x00 0x00 0x00 0x00 0x00 0x00 0x00 0x00 ,,,
164,SMSET,,SET,start,7,iCONT1,task4,Event,,,76,18647,,,158,1462919,,0x7f 0x00 0x00 0x00 0x00 0x00 0x00 0x00 0x00 0x00 0x00 0x00 0x00 0x00 0x00 0x00 ,,,
164,SMSET,,SET,start,7,iCONT1,task4,Event,,,128,18775,,,256,1463077,,0x80 0x00 0x00 0x00 0x00 0x00 0x00 0x00 0x00 0x00 0x00 0x00 0x00 0x00 0x00 0x00 ,,,
164,SMSET,,SET,start,7,iCONT1,task4,Event,,,500,19275,,,1004,1463333,,0x81 0x00 0x00 0x00 0x00 0x00 0x00 0x00 0x00 0x00 0x00 0x00 0x00 0x00 0x00 0x00 ,,,
164,SMSET,,SET,stop,2,iCONT1,task1,Event,,,274,19549,,,556,1464337,,0x82 0x00 0x00 0x00 0x00 0x00 0x00 0x00 0x00 0x00 0x00 0x00 0x00 0x00 0x00 0x00 ,,,
164,SMSET,,SET,stop,8,iCONT1,task4,Event,,,17,19566,,,32,1464893,,0x83 0x00 0x00 0x00 0x00 0x00 0x00 0x00 0x00 0x00 0x00 0x00 0x00 0x00 0x00 0x00 ,,,
164,SMSET,,SET,start,1,iCONT1,task1,Event,,,0,19566,,,2,1464925,,0x84 0x00 0x00 0x00 0x00 0x00 0x00 0x00 0x00 0x00 0x00 0x00 0x00 0x00 0x00 0x00 ,,,
164,SMSET,,SET,start,7,iCONT1,task4,Event,,,2,19568,,,1,1464927,,0x85 0x00 0x00 0x00 0x00 0x00 0x00 0x00 0x00 0x00 0x00 0x00 0x00 0x00 0x00 0x00 ,,,
164,SMSET,,SET,start,7,iCONT1,task4,Event,,,5,19573,,,15,1464928,,0x86 0x00 0x00 0x00 0x00 0x00 0x00 0x00 0x00 0x00 0x00 0x00 0x00 0x00 0x00 0x00 ,,,
164,SMSET,,SET,start,7,iCONT1,task4,Event,,,292,19865,,,592,1464943,,0x87 0x00 0x00 0x00 0x00 0x00 0x00 0x00 0x00 0x00 0x00 0x00 0x00 0x00 0x00 0x00 ,,,
164,SMSET,,SET,start,7,iCONT1,task4,Event,,,76,19941,,,158,1465535,,0x88 0x00 0x00 0x00 0x00 0x00 0x00 0x00 0x00 0x00 0x00 0x00 0x00 0x00 0x00 0x00 ,,,
164,SMSET,,SET,start,7,iCONT1,task4,Event,,,129,20070,,,256,1465693,,0x89 0x00 0x00 0x00 0x00 0x00 0x00 0x00 0x00 0x00 0x00 0x00 0x00 0x00 0x00 0x00 ,,,
164,SMSET,,SET,start,7,iCONT1,task4,Event,,,498,20568,,,1004,1465949,,0x8a 0x00 0x00 0x00 0x00 0x00 0x00 0x00 0x00 0x00 0x00 0x00 0x00 0x00 0x00 0x00 ,,,
164,SMSET,,SET,stop,2,iCONT1,task1,Event,,,278,20846,,,556,1466953,,0x8b 0x00 0x00 0x00 0x00 0x00 0x00 0x00 0x00 0x00 0x00 0x00 0x00 0x00 0x00 0x00 ,,,
164,SMSET,,SET,stop,8,iCONT1,task4,Event,,,13,20859,,,33,1467509,,0x8c 0x00 0x00 0x00 0x00 0x00 0x00 0x00 0x00 0x00 0x00 0x00 0x00 0x00 0x00 0x00 ,,,
164,SMSET,,SET,start,1,iCONT1,task1,Event,,,3,20862,,,2,1467542,,0x8d 0x00 0x00 0x00 0x00 0x00 0x00 0x00 0x00 0x00 0x00 0x00 0x00 0x00 0x00 0x00 ,,,
164,SMSET,,SET,start,7,iCONT1,task4,Event,,,0,20862,,,1,1467544,,0x8e 0x00 0x00 0x00 0x00 0x00 0x00 0x00 0x00 0x00 0x00 0x00 0x00 0x00 0x00 0x00 ,,,
164,SMSET,,SET,start,7,iCONT1,task4,Event,,,5,20867,,,15,1467545,,0x8f 0x00 0x00 0x00 0x00 0x00 0x00 0x00 0x00 0x00 0x00 0x00 0x00 0x00 0x00 0x00 ,,,
164,SMSET,,SET,start,7,iCONT1,task4,Event,,,292,21159,,,592,1467560,,0x90 0x00 0x00 0x00 0x00 0x00 0x00 0x00 0x00 0x00 0x00 0x00 0x00 0x00 0x00 0x00 ,,,
164,SMSET,,SET,start,7,iCONT1,task4,Event,,,79,21238,,,158,1468152,,0x91 0x00 0x00 0x00 0x00 0x00 0x00 0x00 0x00 0x00 0x00 0x00 0x00 0x00 0x00 0x00 ,,,
164,SMSET,,SET,start,7,iCONT1,task4,Event,,,125,21363,,,256,1468310,,0x92 0x00 0x00 0x00 0x00 0x00 0x00 0x00 0x00 0x00 0x00 0x00 0x00 0x00 0x00 0x00 ,,,
164,SMSET,,SET,start,7,iCONT1,task4,Event,,,502,21865,,,1004,1468566,,0x93 0x00 0x00 0x00 0x00 0x00 0x00 0x00 0x00 0x00 0x00 0x00 0x00 0x00 0x00 0x00 ,,,
164,SMSET,,SET,stop,2,iCONT1,task1,Event,,,292,22157,,,592,1469570,,0x94 0x00 0x00 0x00 0x00 0x00 0x00 0x00 0x00 0x00 0x00 0x00 0x00 0x00 0x00 0x00 ,,,
164,SMSET,,SET,stop,8,iCONT1,task4,Event,,,20,22177,,,40,1470162,,0x95 0x00 0x00 0x00 0x00 0x00 0x00 0x00 0x00 0x00 0x00 0x00 0x00 0x00 0x00 0x00 ,,,
164,SMSET,,SET,start,1,iCONT1,task1,Event,,,1,22178,,,2,1470202,,0x96 0x00 0x00 0x00 0x00 0x00 0x00 0x00 0x00 0x00 0x00 0x00 0x00 0x00 0x00 0x00 ,,,
164,SMSET,,SET,start,7,iCONT1,task4,Event,,,1,22179,,,1,1470204,,0x97 0x00 0x00 0x00 0x00 0x00 0x00 0x00 0x00 0x00 0x00 0x00 0x00 0x00 0x00 0x00 ,,,
164,SMSET,,SET,start,7,iCONT1,task4,Event,,,2,22181,,,15,1470205,,0x98 0x00 0x00 0x00 0x00 0x00 0x00 0x00 0x00 0x00 0x00 0x00 0x00 0x00 0x00 0x00 ,,,
164,SMSET,,SET,start,7,iCONT1,task4,Event,,,296,22477,,,592,1470220,,0x99 0x00 0x00 0x00 0x00 0x00 0x00 0x00 0x00 0x00 0x00 0x00 0x00 0x00 0x00 0x00 ,,,
164,SMSET,,SET,start,7,iCONT1,task4,Event,,,76,22553,,,158,1470812,,0x9a 0x00 0x00 0x00 0x00 0x00 0x00 0x00 0x00 0x00 0x00 0x00 0x00 0x00 0x00 0x00 ,,,
164,SMSET,,SET,start,7,iCONT1,task4,Event,,,128,22681,,,256,1470970,,0x9b 0x00 0x00 0x00 0x00 0x00 0x00 0x00 0x00 0x00 0x00 0x00 0x00 0x00 0x00 0x00 ,,,
164,SMSET,,SET,start,7,iCONT1,task4,Event,,,500,23181,,,1004,1471226,,0x9c 0x00 0x00 0x00 0x00 0x00 0x00 0x00 0x00 0x00 0x00 0x00 0x00 0x00 0x00 0x00 ,,,
164,SMSET,,SET,stop,2,iCONT1,task1,Event,,,254,23435,,,508,1472230,,0x9d 0x00 0x00 0x00 0x00 0x00 0x00 0x00 0x00 0x00 0x00 0x00 0x00 0x00 0x00 0x00 ,,,
164,SMSET,,SET,stop,8,iCONT1,task4,Event,,,17,23452,,,36,1472738,,0x9e 0x00 0x00 0x00 0x00 0x00 0x00 0x00 0x00 0x00 0x00 0x00 0x00 0x00 0x00 0x00 ,,,
164,SMSET,,SET,start,1,iCONT1,task1,Event,,,0,23452,,,2,1472774,,0x9f 0x00 0x00 0x00 0x00 0x00 0x00 0x00 0x00 0x00 0x00 0x00 0x00 0x00 0x00 0x00 ,,,
164,SMSET,,SET,start,7,iCONT1,task4,Event,,,2,23454,,,1,1472776,,0xa0 0x00 0x00 0x00 0x00 0x00 0x00 0x00 0x00 0x00 0x00 0x00 0x00 0x00 0x00 0x00 ,,,
164,SMSET,,SET,start,7,iCONT1,task4,Event,,,2,23456,,,15,1472777,,0xa1 0x00 0x00 0x00 0x00 0x00 0x00 0x00 0x00 0x00 0x00 0x00 0x00 0x00 0x00 0x00 ,,,
164,SMSET,,SET,start,7,iCONT1,task4,Event,,,292,23748,,,592,1472792,,0xa2 0x00 0x00 0x00 0x00 0x00 0x00 0x00 0x00 0x00 0x00 0x00 0x00 0x00 0x00 0x00 ,,,
164,SMSET,,SET,start,7,iCONT1,task4,Event,,,79,23827,,,158,1473384,,0xa3 0x00 0x00 0x00 0x00 0x00 0x00 0x00 0x00 0x00 0x00 0x00 0x00 0x00 0x00 0x00 ,,,
164,SMSET,,SET,start,7,iCONT1,task4,Event,,,129,23956,,,256,1473542,,0xa4 0x00 0x00 0x00 0x00 0x00 0x00 0x00 0x00 0x00 0x00 0x00 0x00 0x00 0x00 0x00 ,,,
164,SMSET,,SET,start,7,iCONT1,task4,Event,,,498,24454,,,1004,1473798,,0xa5 0x00 0x00 0x00 0x00 0x00 0x00 0x00 0x00 0x00 0x00 0x00 0x00 0x00 0x00 0x00 ,,,
164,SMSET,,SET,stop,2,iCONT1,task1,Event,,,272,24726,,,548,1474802,,0xa6 0x00 0x00 0x00 0x00 0x00 0x00 0x00 0x00 0x00 0x00 0x00 0x00 0x00 0x00 0x00 ,,,
164,SMSET,,SET,stop,8,iCONT1,task4,Event,,,24,24750,,,47,1475350,,0xa7 0x00 0x00 0x00 0x00 0x00 0x00 0x00 0x00 0x00 0x00 0x00 0x00 0x00 0x00 0x00 ,,,
164,SMSET,,SET,start,1,iCONT1,task1,Event,,,0,24750,,,2,1475397,,0xa8 0x00 0x00 0x00 0x00 0x00 0x00 0x00 0x00 0x00 0x00 0x00 0x00 0x00 0x00 0x00 ,,,
164,SMSET,,SET,start,7,iCONT1,task4,Event,,,2,24752,,,1,1475399,,0xa9 0x00 0x00 0x00 0x00 0x00 0x00 0x00 0x00 0x00 0x00 0x00 0x00 0x00 0x00 0x00 ,,,
164,SMSET,,SET,start,7,iCONT1,task4,Event,,,5,24757,,,15,1475400,,0xaa 0x00 0x00 0x00 0x00 0x00 0x00 0x00 0x00 0x00 0x00 0x00 0x00 0x00 0x00 0x00 ,,,
164,SMSET,,SET,start,7,iCONT1,task4,Event,,,292,25049,,,592,1475415,,0xab 0x00 0x00 0x00 0x00 0x00 0x00 0x00 0x00 0x00 0x00 0x00 0x00 0x00 0x00 0x00 ,,,
164,SMSET,,SET,start,7,iCONT1,task4,Event,,,76,25125,,,158,1476007,,0xac 0x00 0x00 0x00 0x00 0x00 0x00 0x00 0x00 0x00 0x00 0x00 0x00 0x00 0x00 0x00 ,,,
164,SMSET,,SET,start,7,iCONT1,task4,Event,,,129,25254,,,256,1476165,,0xad 0x00 0x00 0x00 0x00 0x00 0x00 0x00 0x00 0x00 0x00 0x00 0x00 0x00 0x00 0x00 ,,,
164,SMSET,,SET,start,7,iCONT1,task4,Event,,,498,25752,,,1004,1476421,,0xae 0x00 0x00 0x00 0x00 0x00 0x00 0x00 0x00 0x00 0x00 0x00 0x00 0x00 0x00 0x00 ,,,
164,SMSET,,SET,stop,2,iCONT1,task1,Event,,,290,26042,,,580,1477425,,0xaf 0x00 0x00 0x00 0x00 0x00 0x00 0x00 0x00 0x00 0x00 0x00 0x00 0x00 0x00 0x00 ,,,
164,SMSET,,SET,stop,8,iCONT1,task4,Event,,,30,26072,,,63,1478005,,0xb0 0x00 0x00 0x00 0x00 0x00 0x00 0x00 0x00 0x00 0x00 0x00 0x00 0x00 0x00 0x00 ,,,
164,SMSET,,SET,start,1,iCONT1,task1,Event,,,1,26073,,,2,1478068,,0xb1 0x00 0x00 0x00 0x00 0x00 0x00 0x00 0x00 0x00 0x00 0x00 0x00 0x00 0x00 0x00 ,,,
164,SMSET,,SET,start,7,iCONT1,task4,Event,,,1,26074,,,1,1478070,,0xb2 0x00 0x00 0x00 0x00 0x00 0x00 0x00 0x00 0x00 0x00 0x00 0x00 0x00 0x00 0x00 ,,,
164,SMSET,,SET,start,7,iCONT1,task4,Event,,,6,26080,,,15,1478071,,0xb3 0x00 0x00 0x00 0x00 0x00 0x00 0x00 0x00 0x00 0x00 0x00 0x00 0x00 0x00 0x00 ,,,
164,SMSET,,SET,start,7,iCONT1,task4,Event,,,292,26372,,,592,1478086,,0xb4 0x00 0x00 0x00 0x00 0x00 0x00 0x00 0x00 0x00 0x00 0x00 0x00 0x00 0x00 0x00 ,,,
164,SMSET,,SET,start,7,iCONT1,task4,Event,,,76,26448,,,158,1478678,,0xb5 0x00 0x00 0x00 0x00 0x00 0x00 0x00 0x00 0x00 0x00 0x00 0x00 0x00 0x00 0x00 ,,,
164,SMSET,,SET,start,7,iCONT1,task4,Event,,,128,26576,,,256,1478836,,0xb6 0x00 0x00 0x00 0x00 0x00 0x00 0x00 0x00 0x00 0x00 0x00 0x00 0x00 0x00 0x00 ,,,
164,SMSET,,SET,start,7,iCONT1,task4,Event,,,500,27076,,,1004,1479092,,0xb7 0x00 0x00 0x00 0x00 0x00 0x00 0x00 0x00 0x00 0x00 0x00 0x00 0x00 0x00 0x00 ,,,
164,SMSET,,SET,stop,2,iCONT1,task1,Event,,,260,27336,,,524,1480096,,0xb8 0x00 0x00 0x00 0x00 0x00 0x00 0x00 0x00 0x00 0x00 0x00 0x00 0x00 0x00 0x00 ,,,
164,SMSET,,SET,stop,8,iCONT1,task4,Event,,,17,27353,,,35,1480620,,0xb9 0x00 0x00 0x00 0x00 0x00 0x00 0x00 0x00 0x00 0x00 0x00 0x00 0x00 0x00 0x00 ,,,
164,SMSET,,SET,start,1,iCONT1,task1,Event,,,0,27353,,,2,1480655,,0xba 0x00 0x00 0x00 0x00 0x00 0x00 0x00 0x00 0x00 0x00 0x00 0x00 0x00 0x00 0x00 ,,,
164,SMSET,,SET,start,7,iCONT1,task4,Event,,,2,27355,,,1,1480657,,0xbb 0x00 0x00 0x00 0x00 0x00 0x00 0x00 0x00 0x00 0x00 0x00 0x00 0x00 0x00 0x00 ,,,
164,SMSET,,SET,start,7,iCONT1,task4,Event,,,5,27360,,,15,1480658,,0xbc 0x00 0x00 0x00 0x00 0x00 0x00 0x00 0x00 0x00 0x00 0x00 0x00 0x00 0x00 0x00 ,,,
164,SMSET,,SET,start,7,iCONT1,task4,Event,,,292,27652,,,592,1480673,,0xbd 0x00 0x00 0x00 0x00 0x00 0x00 0x00 0x00 0x00 0x00 0x00 0x00 0x00 0x00 0x00 ,,,
164,SMSET,,SET,start,7,iCONT1,task4,Event,,,76,27728,,,158,1481265,,0xbe 0x00 0x00 0x00 0x00 0x00 0x00 0x00 0x00 0x00 0x00 0x00 0x00 0x00 0x00 0x00 ,,,
164,SMSET,,SET,start,7,iCONT1,task4,Event,,,129,27857,,,256,1481423,,0xbf 0x00 0x00 0x00 0x00 0x00 0x00 0x00 0x00 0x00 0x00 0x00 0x00 0x00 0x00 0x00 ,,,
164,SMSET,,SET,start,7,iCONT1,task4,Event,,,498,28355,,,1004,1481679,,0xc0 0x00 0x00 0x00 0x00 0x00 0x00 0x00 0x00 0x00 0x00 0x00 0x00 0x00 0x00 0x00 ,,,
164,SMSET,,SET,stop,2,iCONT1,task1,Event,,,282,28637,,,568,1482683,,0xc1 0x00 0x00 0x00 0x00 0x00 0x00 0x00 0x00 0x00 0x00 0x00 0x00 0x00 0x00 0x00 ,,,
164,SMSET,,SET,stop,8,iCONT1,task4,Event,,,16,28653,,,36,1483251,,0xc2 0x00 0x00 0x00 0x00 0x00 0x00 0x00 0x00 0x00 0x00 0x00 0x00 0x00 0x00 0x00 ,,,
164,SMSET,,SET,start,1,iCONT1,task1,Event,,,3,28656,,,2,1483287,,0xc3 0x00 0x00 0x00 0x00 0x00 0x00 0x00 0x00 0x00 0x00 0x00 0x00 0x00 0x00 0x00 ,,,
164,SMSET,,SET,start,7,iCONT1,task4,Event,,,0,28656,,,1,1483289,,0xc4 0x00 0x00 0x00 0x00 0x00 0x00 0x00 0x00 0x00 0x00 0x00 0x00 0x00 0x00 0x00 ,,,
164,SMSET,,SET,start,7,iCONT1,task4,Event,,,5,28661,,,15,1483290,,0xc5 0x00 0x00 0x00 0x00 0x00 0x00 0x00 0x00 0x00 0x00 0x00 0x00 0x00 0x00 0x00 ,,,
164,SMSET,,SET,start,7,iCONT1,task4,Event,,,292,28953,,,592,1483305,,0xc6 0x00 0x00 0x00 0x00 0x00 0x00 0x00 0x00 0x00 0x00 0x00 0x00 0x00 0x00 0x00 ,,,
164,SMSET,,SET,start,7,iCONT1,task4,Event,,,79,29032,,,158,1483897,,0xc7 0x00 0x00 0x00 0x00 0x00 0x00 0x00 0x00 0x00 0x00 0x00 0x00 0x00 0x00 0x00 ,,,
164,SMSET,,SET,start,7,iCONT1,task4,Event,,,125,29157,,,256,1484055,,0xc8 0x00 0x00 0x00 0x00 0x00 0x00 0x00 0x00 0x00 0x00 0x00 0x00 0x00 0x00 0x00 ,,,
164,SMSET,,SET,start,7,iCONT1,task4,Event,,,502,29659,,,1004,1484311,,0xc9 0x00 0x00 0x00 0x00 0x00 0x00 0x00 0x00 0x00 0x00 0x00 0x00 0x00 0x00 0x00 ,,,
164,SMSET,,SET,stop,2,iCONT1,task1,Event,,,258,29917,,,520,1485315,,0xca 0x00 0x00 0x00 0x00 0x00 0x00 0x00 0x00 0x00 0x00 0x00 0x00 0x00 0x00 0x00 ,,,
164,SMSET,,SET,stop,8,iCONT1,task4,Event,,,17,29934,,,37,1485835,,0xcb 0x00 0x00 0x00 0x00 0x00 0x00 0x00 0x00 0x00 0x00 0x00 0x00 0x00 0x00 0x00 ,,,
164,SMSET,,SET,start,1,iCONT1,task1,Event,,,2,29936,,,2,1485872,,0xcc 0x00 0x00 0x00 0x00 0x00 0x00 0x00 0x00 0x00 0x00 0x00 0x00 0x00 0x00 0x00 ,,,
164,SMSET,,SET,start,7,iCONT1,task4,Event,,,1,29937,,,1,1485874,,0xcd 0x00 0x00 0x00 0x00 0x00 0x00 0x00 0x00 0x00 0x00 0x00 0x00 0x00 0x00 0x00 ,,,
164,SMSET,,SET,start,7,iCONT1,task4,Event,,,4,29941,,,15,1485875,,0xce 0x00 0x00 0x00 0x00 0x00 0x00 0x00 0x00 0x00 0x00 0x00 0x00 0x00 0x00 0x00 ,,,
164,SMSET,,SET,start,7,iCONT1,task4,Event,,,292,30233,,,592,1485890,,0xcf 0x00 0x00 0x00 0x00 0x00 0x00 0x00 0x00 0x00 0x00 0x00 0x00 0x00 0x00 0x00 ,,,
164,SMSET,,SET,start,7,iCONT1,task4,Event,,,80,30313,,,158,1486482,,0xd0 0x00 0x00 0x00 0x00 0x00 0x00 0x00 0x00 0x00 0x00 0x00 0x00 0x00 0x00 0x00 ,,,
164,SMSET,,SET,start,7,iCONT1,task4,Event,,,125,30438,,,256,1486640,,0xd1 0x00 0x00 0x00 0x00 0x00 0x00 0x00 0x00 0x00 0x00 0x00 0x00 0x00 0x00 0x00 ,,,
164,SMSET,,SET,start,7,iCONT1,task4,Event,,,502,30940,,,1004,1486896,,0xd2 0x00 0x00 0x00 0x00 0x00 0x00 0x00 0x00 0x00 0x00 0x00 0x00 0x00 0x00 0x00 ,,,
164,SMSET,,SET,stop,2,iCONT1,task1,Event,,,268,31208,,,548,1487900,,0xd3 0x00 0x00 0x00 0x00 0x00 0x00 0x00 0x00 0x00 0x00 0x00 0x00 0x00 0x00 0x00 ,,,
164,SMSET,,SET,stop,8,iCONT1,task4,Event,,,13,31221,,,28,1488448,,0xd4 0x00 0x00 0x00 0x00 0x00 0x00 0x00 0x00 0x00 0x00 0x00 0x00 0x00 0x00 0x00 ,,,
164,SMSET,,SET,start,1,iCONT1,task1,Event,,,3,31224,,,2,1488476,,0xd5 0x00 0x00 0x00 0x00 0x00 0x00 0x00 0x00 0x00 0x00 0x00 0x00 0x00 0x00 0x00 ,,,
164,SMSET,,SET,start,7,iCONT1,task4,Event,,,0,31224,,,1,1488478,,0xd6 0x00 0x00 0x00 0x00 0x00 0x00 0x00 0x00 0x00 0x00 0x00 0x00 0x00 0x00 0x00 ,,,
164,SMSET,,SET,start,7,iCONT1,task4,Event,,,5,31229,,,15,1488479,,0xd7 0x00 0x00 0x00 0x00 0x00 0x00 0x00 0x00 0x00 0x00 0x00 0x00 0x00 0x00 0x00 ,,,
164,SMSET,,SET,start,7,iCONT1,task4,Event,,,292,31521,,,592,1488494,,0xd8 0x00 0x00 0x00 0x00 0x00 0x00 0x00 0x00 0x00 0x00 0x00 0x00 0x00 0x00 0x00 ,,,
164,SMSET,,SET,start,7,iCONT1,task4,Event,,,79,31600,,,158,1489086,,0xd9 0x00 0x00 0x00 0x00 0x00 0x00 0x00 0x00 0x00 0x00 0x00 0x00 0x00 0x00 0x00 ,,,
164,SMSET,,SET,start,7,iCONT1,task4,Event,,,125,31725,,,256,1489244,,0xda 0x00 0x00 0x00 0x00 0x00 0x00 0x00 0x00 0x00 0x00 0x00 0x00 0x00 0x00 0x00 ,,,
164,SMSET,,SET,start,7,iCONT1,task4,Event,,,502,32227,,,1004,1489500,,0xdb 0x00 0x00 0x00 0x00 0x00 0x00 0x00 0x00 0x00 0x00 0x00 0x00 0x00 0x00 0x00 ,,,
164,SMSET,,SET,stop,2,iCONT1,task1,Event,,,278,32505,,,560,1490504,,0xdc 0x00 0x00 0x00 0x00 0x00 0x00 0x00 0x00 0x00 0x00 0x00 0x00 0x00 0x00 0x00 ,,,
164,SMSET,,SET,stop,8,iCONT1,task4,Event,,,13,32518,,,27,1491064,,0xdd 0x00 0x00 0x00 0x00 0x00 0x00 0x00 0x00 0x00 0x00 0x00 0x00 0x00 0x00 0x00 ,,,
164,SMSET,,SET,start,1,iCONT1,task1,Event,,,1,32519,,,2,1491091,,0xde 0x00 0x00 0x00 0x00 0x00 0x00 0x00 0x00 0x00 0x00 0x00 0x00 0x00 0x00 0x00 ,,,
164,SMSET,,SET,start,7,iCONT1,task4,Event,,,1,32520,,,1,1491093,,0xdf 0x00 0x00 0x00 0x00 0x00 0x00 0x00 0x00 0x00 0x00 0x00 0x00 0x00 0x00 0x00 ,,,
164,SMSET,,SET,start,7,iCONT1,task4,Event,,,2,32522,,,15,1491094,,0xe0 0x00 0x00 0x00 0x00 0x00 0x00 0x00 0x00 0x00 0x00 0x00 0x00 0x00 0x00 0x00 ,,,
164,SMSET,,SET,start,7,iCONT1,task4,Event,,,292,32814,,,592,1491109,,0xe1 0x00 0x00 0x00 0x00 0x00 0x00 0x00 0x00 0x00 0x00 0x00 0x00 0x00 0x00 0x00 ,,,
164,SMSET,,SET,start,7,iCONT1,task4,Event,,,80,32894,,,158,1491701,,0xe2 0x00 0x00 0x00 0x00 0x00 0x00 0x00 0x00 0x00 0x00 0x00 0x00 0x00 0x00 0x00 ,,,
164,SMSET,,SET,start,7,iCONT1,task4,Event,,,125,33019,,,256,1491859,,0xe3 0x00 0x00 0x00 0x00 0x00 0x00 0x00 0x00 0x00 0x00 0x00 0x00 0x00 0x00 0x00 ,,,
164,SMSET,,SET,start,7,iCONT1,task4,Event,,,502,33521,,,1004,1492115,,0xe4 0x00 0x00 0x00 0x00 0x00 0x00 0x00 0x00 0x00 0x00 0x00 0x00 0x00 0x00 0x00 ,,,
164,SMSET,,SET,stop,2,iCONT1,task1,Event,,,260,33781,,,528,1493119,,0xe5 0x00 0x00 0x00 0x00 0x00 0x00 0x00 0x00 0x00 0x00 0x00 0x00 0x00 0x00 0x00 ,,,
164,SMSET,,SET,stop,8,iCONT1,task4,Event,,,17,33798,,,31,1493647,,0xe6 0x00 0x00 0x00 0x00 0x00 0x00 0x00 0x00 0x00 0x00 0x00 0x00 0x00 0x00 0x00 ,,,
164,SMSET,,SET,start,1,iCONT1,task1,Event,,,0,33798,,,2,1493678,,0xe7 0x00 0x00 0x00 0x00 0x00 0x00 0x00 0x00 0x00 0x00 0x00 0x00 0x00 0x00 0x00 ,,,
164,SMSET,,SET,start,7,iCONT1,task4,Event,,,2,33800,,,1,1493680,,0xe8 0x00 0x00 0x00 0x00 0x00 0x00 0x00 0x00 0x00 0x00 0x00 0x00 0x00 0x00 0x00 ,,,
164,SMSET,,SET,start,7,iCONT1,task4,Event,,,2,33802,,,15,1493681,,0xe9 0x00 0x00 0x00 0x00 0x00 0x00 0x00 0x00 0x00 0x00 0x00 0x00 0x00 0x00 0x00 ,,,
164,SMSET,,SET,start,7,iCONT1,task4,Event,,,292,34094,,,592,1493696,,0xea 0x00 0x00 0x00 0x00 0x00 0x00 0x00 0x00 0x00 0x00 0x00 0x00 0x00 0x00 0x00 ,,,
164,SMSET,,SET,start,7,iCONT1,task4,Event,,,79,34173,,,158,1494288,,0xeb 0x00 0x00 0x00 0x00 0x00 0x00 0x00 0x00 0x00 0x00 0x00 0x00 0x00 0x00 0x00 ,,,
164,SMSET,,SET,start,7,iCONT1,task4,Event,,,125,34298,,,256,1494446,,0xec 0x00 0x00 0x00 0x00 0x00 0x00 0x00 0x00 0x00 0x00 0x00 0x00 0x00 0x00 0x00 ,,,
164,SMSET,,SET,start,7,iCONT1,task4,Event,,,502,34800,,,1004,1494702,,0xed 0x00 0x00 0x00 0x00 0x00 0x00 0x00 0x00 0x00 0x00 0x00 0x00 0x00 0x00 0x00 ,,,
164,SMSET,,SET,stop,2,iCONT1,task1,Event,,,276,35076,,,556,1495706,,0xee 0x00 0x00 0x00 0x00 0x00 0x00 0x00 0x00 0x00 0x00 0x00 0x00 0x00 0x00 0x00 ,,,
164,SMSET,,SET,stop,8,iCONT1,task4,Event,,,16,35092,,,32,1496262,,0xef 0x00 0x00 0x00 0x00 0x00 0x00 0x00 0x00 0x00 0x00 0x00 0x00 0x00 0x00 0x00 ,,,
164,SMSET,,SET,start,1,iCONT1,task1,Event,,,1,35093,,,2,1496294,,0xf0 0x00 0x00 0x00 0x00 0x00 0x00 0x00 0x00 0x00 0x00 0x00 0x00 0x00 0x00 0x00 ,,,
164,SMSET,,SET,start,7,iCONT1,task4,Event,,,1,35094,,,1,1496296,,0xf1 0x00 0x00 0x00 0x00 0x00 0x00 0x00 0x00 0x00 0x00 0x00 0x00 0x00 0x00 0x00 ,,,
164,SMSET,,SET,start,7,iCONT1,task4,Event,,,2,35096,,,15,1496297,,0xf2 0x00 0x00 0x00 0x00 0x00 0x00 0x00 0x00 0x00 0x00 0x00 0x00 0x00 0x00 0x00 ,,,
164,SMSET,,SET,start,7,iCONT1,task4,Event,,,292,35388,,,592,1496312,,0xf3 0x00 0x00 0x00 0x00 0x00 0x00 0x00 0x00 0x00 0x00 0x00 0x00 0x00 0x00 0x00 ,,,
164,SMSET,,SET,start,7,iCONT1,task4,Event,,,80,35468,,,158,1496904,,0xf4 0x00 0x00 0x00 0x00 0x00 0x00 0x00 0x00 0x00 0x00 0x00 0x00 0x00 0x00 0x00 ,,,
164,SMSET,,SET,start,7,iCONT1,task4,Event,,,125,35593,,,256,1497062,,0xf5 0x00 0x00 0x00 0x00 0x00 0x00 0x00 0x00 0x00 0x00 0x00 0x00 0x00 0x00 0x00 ,,,
164,SMSET,,SET,start,7,iCONT1,task4,Event,,,502,36095,,,1004,1497318,,0xf6 0x00 0x00 0x00 0x00 0x00 0x00 0x00 0x00 0x00 0x00 0x00 0x00 0x00 0x00 0x00 ,,,
164,SMSET,,SET,stop,2,iCONT1,task1,Event,,,274,36369,,,556,1498322,,0xf7 0x00 0x00 0x00 0x00 0x00 0x00 0x00 0x00 0x00 0x00 0x00 0x00 0x00 0x00 0x00 ,,,
164,SMSET,,SET,stop,8,iCONT1,task4,Event,,,20,36389,,,43,1498878,,0xf8 0x00 0x00 0x00 0x00 0x00 0x00 0x00 0x00 0x00 0x00 0x00 0x00 0x00 0x00 0x00 ,,,
164,SMSET,,SET,start,1,iCONT1,task1,Event,,,1,36390,,,2,1498921,,0xf9 0x00 0x00 0x00 0x00 0x00 0x00 0x00 0x00 0x00 0x00 0x00 0x00 0x00 0x00 0x00 ,,,
164,SMSET,,SET,start,7,iCONT1,task4,Event,,,1,36391,,,1,1498923,,0xfa 0x00 0x00 0x00 0x00 0x00 0x00 0x00 0x00 0x00 0x00 0x00 0x00 0x00 0x00 0x00 ,,,
164,SMSET,,SET,start,7,iCONT1,task4,Event,,,6,36397,,,15,1498924,,0xfb 0x00 0x00 0x00 0x00 0x00 0x00 0x00 0x00 0x00 0x00 0x00 0x00 0x00 0x00 0x00 ,,,
164,SMSET,,SET,start,7,iCONT1,task4,Event,,,292,36689,,,592,1498939,,0xfc 0x00 0x00 0x00 0x00 0x00 0x00 0x00 0x00 0x00 0x00 0x00 0x00 0x00 0x00 0x00 ,,,
164,SMSET,,SET,start,7,iCONT1,task4,Event,,,76,36765,,,158,1499531,,0xfd 0x00 0x00 0x00 0x00 0x00 0x00 0x00 0x00 0x00 0x00 0x00 0x00 0x00 0x00 0x00 ,,,
164,SMSET,,SET,start,7,iCONT1,task4,Event,,,128,36893,,,256,1499689,,0xfe 0x00 0x00 0x00 0x00 0x00 0x00 0x00 0x00 0x00 0x00 0x00 0x00 0x00 0x00 0x00 ,,,
164,SMSET,,SET,start,7,iCONT1,task4,Event,,,500,37393,,,1004,1499945,,0xff 0x00 0x00 0x00 0x00 0x00 0x00 0x00 0x00 0x00 0x00 0x00 0x00 0x00 0x00 0x00 ,,,
164,SMSET,,SET,stop,2,iCONT1,task1,Event,,,260,37653,,,524,1500949,,0x00 0x01 0x00 0x00 0x00 0x00 0x00 0x00 0x00 0x00 0x00 0x00 0x00 0x00 0x00 0x00 ,,,
164,SMSET,,SET,stop,8,iCONT1,task4,Event,,,31,37684,,,61,1501473,,0x01 0x01 0x00 0x00 0x00 0x00 0x00 0x00 0x00 0x00 0x00 0x00 0x00 0x00 0x00 0x00 ,,,
164,SMSET,,SET,start,1,iCONT1,task1,Event,,,0,37684,,,2,1501534,,0x02 0x01 0x00 0x00 0x00 0x00 0x00 0x00 0x00 0x00 0x00 0x00 0x00 0x00 0x00 0x00 ,,,
164,SMSET,,SET,start,7,iCONT1,task4,Event,,,2,37686,,,1,1501536,,0x03 0x01 0x00 0x00 0x00 0x00 0x00 0x00 0x00 0x00 0x00 0x00 0x00 0x00 0x00 0x00 ,,,
164,SMSET,,SET,start,7,iCONT1,task4,Event,,,2,37688,,,15,1501537,,0x04 0x01 0x00 0x00 0x00 0x00 0x00 0x00 0x00 0x00 0x00 0x00 0x00 0x00 0x00 0x00 ,,,
164,SMSET,,SET,start,7,iCONT1,task4,Event,,,292,37980,,,592,1501552,,0x05 0x01 0x00 0x00 0x00 0x00 0x00 0x00 0x00 0x00 0x00 0x00 0x00 0x00 0x00 0x00 ,,,
164,SMSET,,SET,start,7,iCONT1,task4,Event,,,79,38059,,,158,1502144,,0x06 0x01 0x00 0x00 0x00 0x00 0x00 0x00 0x00 0x00 0x00 0x00 0x00 0x00 0x00 0x00 ,,,
164,SMSET,,SET,start,7,iCONT1,task4,Event,,,125,38184,,,256,1502302,,0x07 0x01 0x00 0x00 0x00 0x00 0x00 0x00 0x00 0x00 0x00 0x00 0x00 0x00 0x00 0x00 ,,,
164,SMSET,,SET,start,7,iCONT1,task4,Event,,,502,38686,,,1004,1502558,,0x08 0x01 0x00 0x00 0x00 0x00 0x00 0x00 0x00 0x00 0x00 0x00 0x00 0x00 0x00 0x00 ,,,
164,SMSET,,SET,stop,2,iCONT1,task1,Event,,,262,38948,,,528,1503562,,0x09 0x01 0x00 0x00 0x00 0x00 0x00 0x00 0x00 0x00 0x00 0x00 0x00 0x00 0x00 0x00 ,,,
164,SMSET,,SET,stop,8,iCONT1,task4,Event,,,16,38964,,,33,1504090,,0x0a 0x01 0x00 0x00 0x00 0x00 0x00 0x00 0x00 0x00 0x00 0x00 0x00 0x00 0x00 0x00 ,,,
164,SMSET,,SET,start,1,iCONT1,task1,Event,,,1,38965,,,2,1504123,,0x0b 0x01 0x00 0x00 0x00 0x00 0x00 0x00 0x00 0x00 0x00 0x00 0x00 0x00 0x00 0x00 ,,,
164,SMSET,,SET,start,7,iCONT1,task4,Event,,,1,38966,,,1,1504125,,0x0c 0x01 0x00 0x00 0x00 0x00 0x00 0x00 0x00 0x00 0x00 0x00 0x00 0x00 0x00 0x00 ,,,
164,SMSET,,SET,start,7,iCONT1,task4,Event,,,2,38968,,,15,1504126,,0x0d 0x01 0x00 0x00 0x00 0x00 0x00 0x00 0x00 0x00 0x00 0x00 0x00 0x00 0x00 0x00 ,,,
164,SMSET,,SET,start,7,iCONT1,task4,Event,,,292,39260,,,592,1504141,,0x0e 0x01 0x00 0x00 0x00 0x00 0x00 0x00 0x00 0x00 0x00 0x00 0x00 0x00 0x00 0x00 ,,,
164,SMSET,,SET,start,7,iCONT1,task4,Event,,,80,39340,,,158,1504733,,0x0f 0x01 0x00 0x00 0x00 0x00 0x00 0x00 0x00 0x00 0x00 0x00 0x00 0x00 0x00 0x00 ,,,
164,SMSET,,SET,start,7,iCONT1,task4,Event,,,125,39465,,,256,1504891,,0x10 0x01 0x00 0x00 0x00 0x00 0x00 0x00 0x00 0x00 0x00 0x00 0x00 0x00 0x00 0x00 ,,,
164,SMSET,,SET,start,7,iCONT1,task4,Event,,,502,39967,,,1004,1505147,,0x11 0x01 0x00 0x00 0x00 0x00 0x00 0x00 0x00 0x00 0x00 0x00 0x00 0x00 0x00 0x00 ,,,
164,SMSET,,SET,stop,2,iCONT1,task1,Event,,,274,40241,,,552,1506151,,0x12 0x01 0x00 0x00 0x00 0x00 0x00 0x00 0x00 0x00 0x00 0x00 0x00 0x00 0x00 0x00 ,,,
164,SMSET,,SET,stop,8,iCONT1,task4,Event,,,17,40258,,,36,1506703,,0x13 0x01 0x00 0x00 0x00 0x00 0x00 0x00 0x00 0x00 0x00 0x00 0x00 0x00 0x00 0x00 ,,,
164,SMSET,,SET,start,1,iCONT1,task1,Event,,,0,40258,,,2,1506739,,0x14 0x01 0x00 0x00 0x00 0x00 0x00 0x00 0x00 0x00 0x00 0x00 0x00 0x00 0x00 0x00 ,,,
164,SMSET,,SET,start,7,iCONT1,task4,Event,,,2,40260,,,1,1506741,,0x15 0x01 0x00 0x00 0x00 0x00 0x00 0x00 0x00 0x00 0x00 0x00 0x00 0x00 0x00 0x00 ,,,
164,SMSET,,SET,start,7,iCONT1,task4,Event,,,2,40262,,,15,1506742,,0x16 0x01 0x00 0x00 0x00 0x00 0x00 0x00 0x00 0x00 0x00 0x00 0x00 0x00 0x00 0x00 ,,,
164,SMSET,,SET,start,7,iCONT1,task4,Event,,,292,40554,,,592,1506757,,0x17 0x01 0x00 0x00 0x00 0x00 0x00 0x00 0x00 0x00 0x00 0x00 0x00 0x00 0x00 0x00 ,,,
164,SMSET,,SET,start,7,iCONT1,task4,Event,,,79,40633,,,158,1507349,,0x18 0x01 0x00 0x00 0x00 0x00 0x00 0x00 0x00 0x00 0x00 0x00 0x00 0x00 0x00 0x00 ,,,
164,SMSET,,SET,start,7,iCONT1,task4,Event,,,129,40762,,,256,1507507,,0x19 0x01 0x00 0x00 0x00 0x00 0x00 0x00 0x00 0x00 0x00 0x00 0x00 0x00 0x00 0x00 ,,,
164,SMSET,,SET,start,7,iCONT1,task4,Event,,,498,41260,,,1004,1507763,,0x1a 0x01 0x00 0x00 0x00 0x00 0x00 0x00 0x00 0x00 0x00 0x00 0x00 0x00 0x00 0x00 ,,,
164,SMSET,,SET,stop,2,iCONT1,task1,Event,,,262,41522,,,528,1508767,,0x1b 0x01 0x00 0x00 0x00 0x00 0x00 0x00 0x00 0x00 0x00 0x00 0x00 0x00 0x00 0x00 ,,,
164,SMSET,,SET,stop,8,iCONT1,task4,Event,,,16,41538,,,33,1509295,,0x1c 0x01 0x00 0x00 0x00 0x00 0x00 0x00 0x00 0x00 0x00 0x00 0x00 0x00 0x00 0x00 ,,,
164,SMSET,,SET,start,1,iCONT1,task1,Event,,,1,41539,,,2,1509328,,0x1d 0x01 0x00 0x00 0x00 0x00 0x00 0x00 0x00 0x00 0x00 0x00 0x00 0x00 0x00 0x00 ,,,
164,SMSET,,SET,start,7,iCONT1,task4,Event,,,1,41540,,,1,1509330,,0x1e 0x01 0x00 0x00 0x00 0x00 0x00 0x00 0x00 0x00 0x00 0x00 0x00 0x00 0x00 0x00 ,,,
164,SMSET,,SET,start,7,iCONT1,task4,Event,,,2,41542,,,15,1509331,,0x1f 0x01 0x00 0x00 0x00 0x00 0x00 0x00 0x00 0x00 0x00 0x00 0x00 0x00 0x00 0x00 ,,,
164,SMSET,,SET,start,7,iCONT1,task4,Event,,,292,41834,,,592,1509346,,0x20 0x01 0x00 0x00 0x00 0x00 0x00 0x00 0x00 0x00 0x00 0x00 0x00 0x00 0x00 0x00 ,,,
164,SMSET,,SET,start,7,iCONT1,task4,Event,,,80,41914,,,158,1509938,,0x21 0x01 0x00 0x00 0x00 0x00 0x00 0x00 0x00 0x00 0x00 0x00 0x00 0x00 0x00 0x00 ,,,
164,SMSET,,SET,start,7,iCONT1,task4,Event,,,128,42042,,,256,1510096,,0x22 0x01 0x00 0x00 0x00 0x00 0x00 0x00 0x00 0x00 0x00 0x00 0x00 0x00 0x00 0x00 ,,,
164,SMSET,,SET,start,7,iCONT1,task4,Event,,,500,42542,,,1004,1510352,,0x23 0x01 0x00 0x00 0x00 0x00 0x00 0x00 0x00 0x00 0x00 0x00 0x00 0x00 0x00 0x00 ,,,
164,SMSET,,SET,stop,2,iCONT1,task1,Event,,,274,42816,,,552,1511356,,0x24 0x01 0x00 0x00 0x00 0x00 0x00 0x00 0x00 0x00 0x00 0x00 0x00 0x00 0x00 0x00 ,,,
164,SMSET,,SET,stop,8,iCONT1,task4,Event,,,17,42833,,,36,1511908,,0x25 0x01 0x00 0x00 0x00 0x00 0x00 0x00 0x00 0x00 0x00 0x00 0x00 0x00 0x00 0x00 ,,,
164,SMSET,,SET,start,1,iCONT1,task1,Event,,,0,42833,,,2,1511944,,0x26 0x01 0x00 0x00 0x00 0x00 0x00 0x00 0x00 0x00 0x00 0x00 0x00 0x00 0x00 0x00 ,,,
164,SMSET,,SET,start,7,iCONT1,task4,Event,,,2,42835,,,1,1511946,,0x27 0x01 0x00 0x00 0x00 0x00 0x00 0x00 0x00 0x00 0x00 0x00 0x00 0x00 0x00 0x00 ,,,
164,SMSET,,SET,start,7,iCONT1,task4,Event,,,2,42837,,,15,1511947,,0x28 0x01 0x00 0x00 0x00 0x00 0x00 0x00 0x00 0x00 0x00 0x00 0x00 0x00 0x00 0x00 ,,,
164,SMSET,,SET,start,7,iCONT1,task4,Event,,,296,43133,,,592,1511962,,0x29 0x01 0x00 0x00 0x00 0x00 0x00 0x00 0x00 0x00 0x00 0x00 0x00 0x00 0x00 0x00 ,,,
164,SMSET,,SET,start,7,iCONT1,task4,Event,,,76,43209,,,158,1512554,,0x2a 0x01 0x00 0x00 0x00 0x00 0x00 0x00 0x00 0x00 0x00 0x00 0x00 0x00 0x00 0x00 ,,,
164,SMSET,,SET,start,7,iCONT1,task4,Event,,,129,43338,,,256,1512712,,0x2b 0x01 0x00 0x00 0x00 0x00 0x00 0x00 0x00 0x00 0x00 0x00 0x00 0x00 0x00 0x00 ,,,
164,SMSET,,SET,start,7,iCONT1,task4,Event,,,498,43836,,,1004,1512968,,0x2c 0x01 0x00 0x00 0x00 0x00 0x00 0x00 0x00 0x00 0x00 0x00 0x00 0x00 0x00 0x00 ,,,
164,SMSET,,SET,stop,2,iCONT1,task1,Event,,,272,44108,,,548,1513972,,0x2d 0x01 0x00 0x00 0x00 0x00 0x00 0x00 0x00 0x00 0x00 0x00 0x00 0x00 0x00 0x00 ,,,
164,SMSET,,SET,stop,8,iCONT1,task4,Event,,,20,44128,,,40,1514520,,0x2e 0x01 0x00 0x00 0x00 0x00 0x00 0x00 0x00 0x00 0x00 0x00 0x00 0x00 0x00 0x00 ,,,
164,SMSET,,SET,start,1,iCONT1,task1,Event,,,1,44129,,,2,1514560,,0x2f 0x01 0x00 0x00 0x00 0x00 0x00 0x00 0x00 0x00 0x00 0x00 0x00 0x00 0x00 0x00 ,,,
164,SMSET,,SET,start,7,iCONT1,task4,Event,,,1,44130,,,1,1514562,,0x30 0x01 0x00 0x00 0x00 0x00 0x00 0x00 0x00 0x00 0x00 0x00 0x00 0x00 0x00 0x00 ,,,
164,SMSET,,SET,start,7,iCONT1,task4,Event,,,6,44136,,,15,1514563,,0x31 0x01 0x00 0x00 0x00 0x00 0x00 0x00 0x00 0x00 0x00 0x00 0x00 0x00 0x00 0x00 ,,,
164,SMSET,,SET,start,7,iCONT1,task4,Event,,,292,44428,,,592,1514578,,0x32 0x01 0x00 0x00 0x00 0x00 0x00 0x00 0x00 0x00 0x00 0x00 0x00 0x00 0x00 0x00 ,,,
164,SMSET,,SET,start,7,iCONT1,task4,Event,,,76,44504,,,158,1515170,,0x33 0x01 0x00 0x00 0x00 0x00 0x00 0x00 0x00 0x00 0x00 0x00 0x00 0x00 0x00 0x00 ,,,
164,SMSET,,SET,start,7,iCONT1,task4,Event,,,128,44632,,,256,1515328,,0x34 0x01 0x00 0x00 0x00 0x00 0x00 0x00 0x00 0x00 0x00 0x00 0x00 0x00 0x00 0x00 ,,,
164,SMSET,,SET,start,7,iCONT1,task4,Event,,,500,45132,,,1004,1515584,,0x35 0x01 0x00 0x00 0x00 0x00 0x00 0x00 0x00 0x00 0x00 0x00 0x00 0x00 0x00 0x00 ,,,
164,SMSET,,SET,stop,2,iCONT1,task1,Event,,,264,45396,,,528,1516588,,0x36 0x01 0x00 0x00 0x00 0x00 0x00 0x00 0x00 0x00 0x00 0x00 0x00 0x00 0x00 0x00 ,,,
164,SMSET,,SET,stop,8,iCONT1,task4,Event,,,13,45409,,,30,1517116,,0x37 0x01 0x00 0x00 0x00 0x00 0x00 0x00 0x00 0x00 0x00 0x00 0x00 0x00 0x00 0x00 ,,,
164,SMSET,,SET,start,1,iCONT1,task1,Event,,,0,45409,,,2,1517146,,0x38 0x01 0x00 0x00 0x00 0x00 0x00 0x00 0x00 0x00 0x00 0x00 0x00 0x00 0x00 0x00 ,,,
164,SMSET,,SET,start,7,iCONT1,task4,Event,,,2,45411,,,1,1517148,,0x39 0x01 0x00 0x00 0x00 0x00 0x00 0x00 0x00 0x00 0x00 0x00 0x00 0x00 0x00 0x00 ,,,
164,SMSET,,SET,start,7,iCONT1,task4,Event,,,5,45416,,,15,1517149,,0x3a 0x01 0x00 0x00 0x00 0x00 0x00 0x00 0x00 0x00 0x00 0x00 0x00 0x00 0x00 0x00 ,,,
164,SMSET,,SET,start,7,iCONT1,task4,Event,,,292,45708,,,592,1517164,,0x3b 0x01 0x00 0x00 0x00 0x00 0x00 0x00 0x00 0x00 0x00 0x00 0x00 0x00 0x00 0x00 ,,,
164,SMSET,,SET,start,7,iCONT1,task4,Event,,,76,45784,,,158,1517756,,0x3c 0x01 0x00 0x00 0x00 0x00 0x00 0x00 0x00 0x00 0x00 0x00 0x00 0x00 0x00 0x00 ,,,
164,SMSET,,SET,start,7,iCONT1,task4,Event,,,129,45913,,,256,1517914,,0x3d 0x01 0x00 0x00 0x00 0x00 0x00 0x00 0x00 0x00 0x00 0x00 0x00 0x00 0x00 0x00 ,,,
164,SMSET,,SET,start,7,iCONT1,task4,Event,,,498,46411,,,1004,1518170,,0x3e 0x01 0x00 0x00 0x00 0x00 0x00 0x00 0x00 0x00 0x00 0x00 0x00 0x00 0x00 0x00 ,,,
164,SMSET,,SET,stop,2,iCONT1,task1,Event,,,276,46687,,,556,1519174,,0x3f 0x01 0x00 0x00 0x00 0x00 0x00 0x00 0x00 0x00 0x00 0x00 0x00 0x00 0x00 0x00 ,,,
164,SMSET,,SET,stop,8,iCONT1,task4,Event,,,16,46703,,,35,1519730,,0x40 0x01 0x00 0x00 0x00 0x00 0x00 0x00 0x00 0x00 0x00 0x00 0x00 0x00 0x00 0x00 ,,,
164,SMSET,,SET,start,1,iCONT1,task1,Event,,,3,46706,,,2,1519765,,0x41 0x01 0x00 0x00 0x00 0x00 0x00 0x00 0x00 0x00 0x00 0x00 0x00 0x00 0x00 0x00 ,,,
164,SMSET,,SET,start,7,iCONT1,task4,Event,,,0,46706,,,1,1519767,,0x42 0x01 0x00 0x00 0x00 0x00 0x00 0x00 0x00 0x00 0x00 0x00 0x00 0x00 0x00 0x00 ,,,
164,SMSET,,SET,start,7,iCONT1,task4,Event,,,5,46711,,,15,1519768,,0x43 0x01 0x00 0x00 0x00 0x00 0x00 0x00 0x00 0x00 0x00 0x00 0x00 0x00 0x00 0x00 ,,,
164,SMSET,,SET,start,7,iCONT1,task4,Event,,,292,47003,,,592,1519783,,0x44 0x01 0x00 0x00 0x00 0x00 0x00 0x00 0x00 0x00 0x00 0x00 0x00 0x00 0x00 0x00 ,,,
164,SMSET,,SET,start,7,iCONT1,task4,Event,,,79,47082,,,158,1520375,,0x45 0x01 0x00 0x00 0x00 0x00 0x00 0x00 0x00 0x00 0x00 0x00 0x00 0x00 0x00 0x00 ,,,
164,SMSET,,SET,start,7,iCONT1,task4,Event,,,125,47207,,,256,1520533,,0x46 0x01 0x00 0x00 0x00 0x00 0x00 0x00 0x00 0x00 0x00 0x00 0x00 0x00 0x00 0x00 ,,,
164,SMSET,,SET,start,7,iCONT1,task4,Event,,,502,47709,,,1004,1520789,,0x47 0x01 0x00 0x00 0x00 0x00 0x00 0x00 0x00 0x00 0x00 0x00 0x00 0x00 0x00 0x00 ,,,
164,SMSET,,SET,stop,2,iCONT1,task1,Event,,,278,47987,,,564,1521793,,0x48 0x01 0x00 0x00 0x00 0x00 0x00 0x00 0x00 0x00 0x00 0x00 0x00 0x00 0x00 0x00 ,,,
164,SMSET,,SET,stop,8,iCONT1,task4,Event,,,24,48011,,,48,1522357,,0x49 0x01 0x00 0x00 0x00 0x00 0x00 0x00 0x00 0x00 0x00 0x00 0x00 0x00 0x00 0x00 ,,,
164,SMSET,,SET,start,1,iCONT1,task1,Event,,,0,48011,,,2,1522405,,0x4a 0x01 0x00 0x00 0x00 0x00 0x00 0x00 0x00 0x00 0x00 0x00 0x00 0x00 0x00 0x00 ,,,
164,SMSET,,SET,start,7,iCONT1,task4,Event,,,2,48013,,,1,1522407,,0x4b 0x01 0x00 0x00 0x00 0x00 0x00 0x00 0x00 0x00 0x00 0x00 0x00 0x00 0x00 0x00 ,,,
164,SMSET,,SET,start,7,iCONT1,task4,Event,,,2,48015,,,15,1522408,,0x4c 0x01 0x00 0x00 0x00 0x00 0x00 0x00 0x00 0x00 0x00 0x00 0x00 0x00 0x00 0x00 ,,,
164,SMSET,,SET,start,7,iCONT1,task4,Event,,,292,48307,,,592,1522423,,0x4d 0x01 0x00 0x00 0x00 0x00 0x00 0x00 0x00 0x00 0x00 0x00 0x00 0x00 0x00 0x00 ,,,
164,SMSET,,SET,start,7,iCONT1,task4,Event,,,79,48386,,,158,1523015,,0x4e 0x01 0x00 0x00 0x00 0x00 0x00 0x00 0x00 0x00 0x00 0x00 0x00 0x00 0x00 0x00 ,,,
164,SMSET,,SET,start,7,iCONT1,task4,Event,,,129,48515,,,256,1523173,,0x4f 0x01 0x00 0x00 0x00 0x00 0x00 0x00 0x00 0x00 0x00 0x00 0x00 0x00 0x00 0x00 ,,,
164,SMSET,,SET,start,7,iCONT1,task4,Event,,,498,49013,,,1004,1523429,,0x50 0x01 0x00 0x00 0x00 0x00 0x00 0x00 0x00 0x00 0x00 0x00 0x00 0x00 0x00 0x00 ,,,
164,SMSET,,SET,stop,2,iCONT1,task1,Event,,,290,49303,,,584,1524433,,0x51 0x01 0x00 0x00 0x00 0x00 0x00 0x00 0x00 0x00 0x00 0x00 0x00 0x00 0x00 0x00 ,,,
164,SMSET,,SET,stop,8,iCONT1,task4,Event,,,30,49333,,,62,1525017,,0x52 0x01 0x00 0x00 0x00 0x00 0x00 0x00 0x00 0x00 0x00 0x00 0x00 0x00 0x00 0x00 ,,,
164,SMSET,,SET,start,1,iCONT1,task1,Event,,,1,49334,,,2,1525079,,0x53 0x01 0x00 0x00 0x00 0x00 0x00 0x00 0x00 0x00 0x00 0x00 0x00 0x00 0x00 0x00 ,,,
164,SMSET,,SET,start,7,iCONT1,task4,Event,,,1,49335,,,1,1525081,,0x54 0x01 0x00 0x00 0x00 0x00 0x00 0x00 0x00 0x00 0x00 0x00 0x00 0x00 0x00 0x00 ,,,
164,SMSET,,SET,start,7,iCONT1,task4,Event,,,2,49337,,,15,1525082,,0x55 0x01 0x00 0x00 0x00 0x00 0x00 0x00 0x00 0x00 0x00 0x00 0x00 0x00 0x00 0x00 ,,,
164,SMSET,,SET,start,7,iCONT1,task4,Event,,,296,49633,,,592,1525097,,0x56 0x01 0x00 0x00 0x00 0x00 0x00 0x00 0x00 0x00 0x00 0x00 0x00 0x00 0x00 0x00 ,,,
164,SMSET,,SET,start,7,iCONT1,task4,Event,,,76,49709,,,158,1525689,,0x57 0x01 0x00 0x00 0x00 0x00 0x00 0x00 0x00 0x00 0x00 0x00 0x00 0x00 0x00 0x00 ,,,
164,SMSET,,SET,start,7,iCONT1,task4,Event,,,128,49837,,,256,1525847,,0x58 0x01 0x00 0x00 0x00 0x00 0x00 0x00 0x00 0x00 0x00 0x00 0x00 0x00 0x00 0x00 ,,,
164,SMSET,,SET,start,7,iCONT1,task4,Event,,,500,50337,,,1004,1526103,,0x59 0x01 0x00 0x00 0x00 0x00 0x00 0x00 0x00 0x00 0x00 0x00 0x00 0x00 0x00 0x00 ,,,
164,SMSET,,SET,stop,2,iCONT1,task1,Event,,,240,50577,,,482,1527107,,0x5a 0x01 0x00 0x00 0x00 0x00 0x00 0x00 0x00 0x00 0x00 0x00 0x00 0x00 0x00 0x00 ,,,
164,SMSET,,SET,stop,8,iCONT1,task4,Event,,,13,50590,,,30,1527589,,0x5b 0x01 0x00 0x00 0x00 0x00 0x00 0x00 0x00 0x00 0x00 0x00 0x00 0x00 0x00 0x00 ,,,
164,SMSET,,SET,start,1,iCONT1,task1,Event,,,3,50593,,,2,1527619,,0x5c 0x01 0x00 0x00 0x00 0x00 0x00 0x00 0x00 0x00 0x00 0x00 0x00 0x00 0x00 0x00 ,,,
164,SMSET,,SET,start,7,iCONT1,task4,Event,,,0,50593,,,1,1527621,,0x5d 0x01 0x00 0x00 0x00 0x00 0x00 0x00 0x00 0x00 0x00 0x00 0x00 0x00 0x00 0x00 ,,,
164,SMSET,,SET,start,7,iCONT1,task4,Event,,,5,50598,,,15,1527622,,0x5e 0x01 0x00 0x00 0x00 0x00 0x00 0x00 0x00 0x00 0x00 0x00 0x00 0x00 0x00 0x00 ,,,
164,SMSET,,SET,start,7,iCONT1,task4,Event,,,292,50890,,,592,1527637,,0x5f 0x01 0x00 0x00 0x00 0x00 0x00 0x00 0x00 0x00 0x00 0x00 0x00 0x00 0x00 0x00 ,,,
164,SMSET,,SET,start,7,iCONT1,task4,Event,,,79,50969,,,158,1528229,,0x60 0x01 0x00 0x00 0x00 0x00 0x00 0x00 0x00 0x00 0x00 0x00 0x00 0x00 0x00 0x00 ,,,
164,SMSET,,SET,start,7,iCONT1,task4,Event,,,125,51094,,,256,1528387,,0x61 0x01 0x00 0x00 0x00 0x00 0x00 0x00 0x00 0x00 0x00 0x00 0x00 0x00 0x00 0x00 ,,,
164,SMSET,,SET,start,7,iCONT1,task4,Event,,,502,51596,,,1004,1528643,,0x62 0x01 0x00 0x00 0x00 0x00 0x00 0x00 0x00 0x00 0x00 0x00 0x00 0x00 0x00 0x00 ,,,
164,SMSET,,SET,stop,2,iCONT1,task1,Event,,,276,51872,,,560,1529647,,0x63 0x01 0x00 0x00 0x00 0x00 0x00 0x00 0x00 0x00 0x00 0x00 0x00 0x00 0x00 0x00 ,,,
164,SMSET,,SET,stop,8,iCONT1,task4,Event,,,16,51888,,,31,1530207,,0x64 0x01 0x00 0x00 0x00 0x00 0x00 0x00 0x00 0x00 0x00 0x00 0x00 0x00 0x00 0x00 ,,,
164,SMSET,,SET,start,1,iCONT1,task1,Event,,,1,51889,,,2,1530238,,0x65 0x01 0x00 0x00 0x00 0x00 0x00 0x00 0x00 0x00 0x00 0x00 0x00 0x00 0x00 0x00 ,,,
164,SMSET,,SET,start,7,iCONT1,task4,Event,,,1,51890,,,1,1530240,,0x66 0x01 0x00 0x00 0x00 0x00 0x00 0x00 0x00 0x00 0x00 0x00 0x00 0x00 0x00 0x00 ,,,
164,SMSET,,SET,start,7,iCONT1,task4,Event,,,2,51892,,,15,1530241,,0x67 0x01 0x00 0x00 0x00 0x00 0x00 0x00 0x00 0x00 0x00 0x00 0x00 0x00 0x00 0x00 ,,,
164,SMSET,,SET,start,7,iCONT1,task4,Event,,,292,52184,,,592,1530256,,0x68 0x01 0x00 0x00 0x00 0x00 0x00 0x00 0x00 0x00 0x00 0x00 0x00 0x00 0x00 0x00 ,,,
164,SMSET,,SET,start,7,iCONT1,task4,Event,,,80,52264,,,158,1530848,,0x69 0x01 0x00 0x00 0x00 0x00 0x00 0x00 0x00 0x00 0x00 0x00 0x00 0x00 0x00 0x00 ,,,
164,SMSET,,SET,start,7,iCONT1,task4,Event,,,125,52389,,,256,1531006,,0x6a 0x01 0x00 0x00 0x00 0x00 0x00 0x00 0x00 0x00 0x00 0x00 0x00 0x00 0x00 0x00 ,,,
164,SMSET,,SET,start,7,iCONT1,task4,Event,,,502,52891,,,1004,1531262,,0x6b 0x01 0x00 0x00 0x00 0x00 0x00 0x00 0x00 0x00 0x00 0x00 0x00 0x00 0x00 0x00 ,,,
164,SMSET,,SET,stop,2,iCONT1,task1,Event,,,288,53179,,,580,1532266,,0x6c 0x01 0x00 0x00 0x00 0x00 0x00 0x00 0x00 0x00 0x00 0x00 0x00 0x00 0x00 0x00 ,,,
164,SMSET,,SET,stop,8,iCONT1,task4,Event,,,17,53196,,,38,1532846,,0x6d 0x01 0x00 0x00 0x00 0x00 0x00 0x00 0x00 0x00 0x00 0x00 0x00 0x00 0x00 0x00 ,,,
164,SMSET,,SET,start,1,iCONT1,task1,Event,,,0,53196,,,2,1532884,,0x6e 0x01 0x00 0x00 0x00 0x00 0x00 0x00 0x00 0x00 0x00 0x00 0x00 0x00 0x00 0x00 ,,,
164,SMSET,,SET,start,7,iCONT1,task4,Event,,,2,53198,,,1,1532886,,0x6f 0x01 0x00 0x00 0x00 0x00 0x00 0x00 0x00 0x00 0x00 0x00 0x00 0x00 0x00 0x00 ,,,
164,SMSET,,SET,start,7,iCONT1,task4,Event,,,5,53203,,,15,1532887,,0x70 0x01 0x00 0x00 0x00 0x00 0x00 0x00 0x00 0x00 0x00 0x00 0x00 0x00 0x00 0x00 ,,,
164,SMSET,,SET,start,7,iCONT1,task4,Event,,,292,53495,,,592,1532902,,0x71 0x01 0x00 0x00 0x00 0x00 0x00 0x00 0x00 0x00 0x00 0x00 0x00 0x00 0x00 0x00 ,,,
164,SMSET,,SET,start,7,iCONT1,task4,Event,,,76,53571,,,158,1533494,,0x72 0x01 0x00 0x00 0x00 0x00 0x00 0x00 0x00 0x00 0x00 0x00 0x00 0x00 0x00 0x00 ,,,
164,SMSET,,SET,start,7,iCONT1,task4,Event,,,129,53700,,,256,1533652,,0x73 0x01 0x00 0x00 0x00 0x00 0x00 0x00 0x00 0x00 0x00 0x00 0x00 0x00 0x00 0x00 ,,,
164,SMSET,,SET,start,7,iCONT1,task4,Event,,,498,54198,,,1004,1533908,,0x74 0x01 0x00 0x00 0x00 0x00 0x00 0x00 0x00 0x00 0x00 0x00 0x00 0x00 0x00 0x00 ,,,
164,SMSET,,SET,stop,2,iCONT1,task1,Event,,,255,54453,,,508,1534912,,0x75 0x01 0x00 0x00 0x00 0x00 0x00 0x00 0x00 0x00 0x00 0x00 0x00 0x00 0x00 0x00 ,,,
164,SMSET,,SET,stop,8,iCONT1,task4,Event,,,16,54469,,,36,1535420,,0x76 0x01 0x00 0x00 0x00 0x00 0x00 0x00 0x00 0x00 0x00 0x00 0x00 0x00 0x00 0x00 ,,,
164,SMSET,,SET,start,1,iCONT1,task1,Event,,,1,54470,,,2,1535456,,0x77 0x01 0x00 0x00 0x00 0x00 0x00 0x00 0x00 0x00 0x00 0x00 0x00 0x00 0x00 0x00 ,,,
164,SMSET,,SET,start,7,iCONT1,task4,Event,,,1,54471,,,1,1535458,,0x78 0x01 0x00 0x00 0x00 0x00 0x00 0x00 0x00 0x00 0x00 0x00 0x00 0x00 0x00 0x00 ,,,
164,SMSET,,SET,start,7,iCONT1,task4,Event,,,2,54473,,,15,1535459,,0x79 0x01 0x00 0x00 0x00 0x00 0x00 0x00 0x00 0x00 0x00 0x00 0x00 0x00 0x00 0x00 ,,,
164,SMSET,,SET,start,7,iCONT1,task4,Event,,,296,54769,,,592,1535474,,0x7a 0x01 0x00 0x00 0x00 0x00 0x00 0x00 0x00 0x00 0x00 0x00 0x00 0x00 0x00 0x00 ,,,
164,SMSET,,SET,start,7,iCONT1,task4,Event,,,76,54845,,,158,1536066,,0x7b 0x01 0x00 0x00 0x00 0x00 0x00 0x00 0x00 0x00 0x00 0x00 0x00 0x00 0x00 0x00 ,,,
164,SMSET,,SET,start,7,iCONT1,task4,Event,,,128,54973,,,256,1536224,,0x7c 0x01 0x00 0x00 0x00 0x00 0x00 0x00 0x00 0x00 0x00 0x00 0x00 0x00 0x00 0x00 ,,,
164,SMSET,,SET,start,7,iCONT1,task4,Event,,,500,55473,,,1004,1536480,,0x7d 0x01 0x00 0x00 0x00 0x00 0x00 0x00 0x00 0x00 0x00 0x00 0x00 0x00 0x00 0x00 ,,,
164,SMSET,,SET,stop,2,iCONT1,task1,Event,,,274,55747,,,552,1537484,,0x7e 0x01 0x00 0x00 0x00 0x00 0x00 0x00 0x00 0x00 0x00 0x00 0x00 0x00 0x00 0x00 ,,,
164,SMSET,,SET,stop,8,iCONT1,task4,Event,,,17,55764,,,37,1538036,,0x7f 0x01 0x00 0x00 0x00 0x00 0x00 0x00 0x00 0x00 0x00 0x00 0x00 0x00 0x00 0x00 ,,,
164,SMSET,,SET,start,1,iCONT1,task1,Event,,,0,55764,,,2,1538073,,0x80 0x01 0x00 0x00 0x00 0x00 0x00 0x00 0x00 0x00 0x00 0x00 0x00 0x00 0x00 0x00 ,,,
164,SMSET,,SET,start,7,iCONT1,task4,Event,,,2,55766,,,1,1538075,,0x81 0x01 0x00 0x00 0x00 0x00 0x00 0x00 0x00 0x00 0x00 0x00 0x00 0x00 0x00 0x00 ,,,
164,SMSET,,SET,start,7,iCONT1,task4,Event,,,5,55771,,,15,1538076,,0x82 0x01 0x00 0x00 0x00 0x00 0x00 0x00 0x00 0x00 0x00 0x00 0x00 0x00 0x00 0x00 ,,,
164,SMSET,,SET,start,7,iCONT1,task4,Event,,,292,56063,,,592,1538091,,0x83 0x01 0x00 0x00 0x00 0x00 0x00 0x00 0x00 0x00 0x00 0x00 0x00 0x00 0x00 0x00 ,,,
164,SMSET,,SET,start,7,iCONT1,task4,Event,,,76,56139,,,158,1538683,,0x84 0x01 0x00 0x00 0x00 0x00 0x00 0x00 0x00 0x00 0x00 0x00 0x00 0x00 0x00 0x00 ,,,
164,SMSET,,SET,start,7,iCONT1,task4,Event,,,129,56268,,,256,1538841,,0x85 0x01 0x00 0x00 0x00 0x00 0x00 0x00 0x00 0x00 0x00 0x00 0x00 0x00 0x00 0x00 ,,,
164,SMSET,,SET,start,7,iCONT1,task4,Event,,,498,56766,,,1004,1539097,,0x86 0x01 0x00 0x00 0x00 0x00 0x00 0x00 0x00 0x00 0x00 0x00 0x00 0x00 0x00 0x00 ,,,
164,SMSET,,SET,stop,2,iCONT1,task1,Event,,,290,57056,,,580,1540101,,0x87 0x01 0x00 0x00 0x00 0x00 0x00 0x00 0x00 0x00 0x00 0x00 0x00 0x00 0x00 0x00 ,,,
164,SMSET,,SET,stop,8,iCONT1,task4,Event,,,20,57076,,,41,1540681,,0x88 0x01 0x00 0x00 0x00 0x00 0x00 0x00 0x00 0x00 0x00 0x00 0x00 0x00 0x00 0x00 ,,,
164,SMSET,,SET,start,1,iCONT1,task1,Event,,,0,57076,,,2,1540722,,0x89 0x01 0x00 0x00 0x00 0x00 0x00 0x00 0x00 0x00 0x00 0x00 0x00 0x00 0x00 0x00 ,,,
164,SMSET,,SET,start,7,iCONT1,task4,Event,,,2,57078,,,1,1540724,,0x8a 0x01 0x00 0x00 0x00 0x00 0x00 0x00 0x00 0x00 0x00 0x00 0x00 0x00 0x00 0x00 ,,,
164,SMSET,,SET,start,7,iCONT1,task4,Event,,,2,57080,,,15,1540725,,0x8b 0x01 0x00 0x00 0x00 0x00 0x00 0x00 0x00 0x00 0x00 0x00 0x00 0x00 0x00 0x00 ,,,
164,SMSET,,SET,start,7,iCONT1,task4,Event,,,292,57372,,,592,1540740,,0x8c 0x01 0x00 0x00 0x00 0x00 0x00 0x00 0x00 0x00 0x00 0x00 0x00 0x00 0x00 0x00 ,,,
164,SMSET,,SET,start,7,iCONT1,task4,Event,,,79,57451,,,158,1541332,,0x8d 0x01 0x00 0x00 0x00 0x00 0x00 0x00 0x00 0x00 0x00 0x00 0x00 0x00 0x00 0x00 ,,,
164,SMSET,,SET,start,7,iCONT1,task4,Event,,,125,57576,,,256,1541490,,0x8e 0x01 0x00 0x00 0x00 0x00 0x00 0x00 0x00 0x00 0x00 0x00 0x00 0x00 0x00 0x00 ,,,
164,SMSET,,SET,start,7,iCONT1,task4,Event,,,502,58078,,,1004,1541746,,0x8f 0x01 0x00 0x00 0x00 0x00 0x00 0x00 0x00 0x00 0x00 0x00 0x00 0x00 0x00 0x00 ,,,
164,SMSET,,SET,stop,2,iCONT1,task1,Event,,,272,58350,,,548,1542750,,0x90 0x01 0x00 0x00 0x00 0x00 0x00 0x00 0x00 0x00 0x00 0x00 0x00 0x00 0x00 0x00 ,,,
164,SMSET,,SET,stop,8,iCONT1,task4,Event,,,20,58370,,,39,1543298,,0x91 0x01 0x00 0x00 0x00 0x00 0x00 0x00 0x00 0x00 0x00 0x00 0x00 0x00 0x00 0x00 ,,,
164,SMSET,,SET,start,1,iCONT1,task1,Event,,,1,58371,,,2,1543337,,0x92 0x01 0x00 0x00 0x00 0x00 0x00 0x00 0x00 0x00 0x00 0x00 0x00 0x00 0x00 0x00 ,,,
164,SMSET,,SET,start,7,iCONT1,task4,Event,,,1,58372,,,1,1543339,,0x93 0x01 0x00 0x00 0x00 0x00 0x00 0x00 0x00 0x00 0x00 0x00 0x00 0x00 0x00 0x00 ,,,
164,SMSET,,SET,start,7,iCONT1,task4,Event,,,2,58374,,,15,1543340,,0x94 0x01 0x00 0x00 0x00 0x00 0x00 0x00 0x00 0x00 0x00 0x00 0x00 0x00 0x00 0x00 ,,,
164,SMSET,,SET,start,7,iCONT1,task4,Event,,,292,58666,,,592,1543355,,0x95 0x01 0x00 0x00 0x00 0x00 0x00 0x00 0x00 0x00 0x00 0x00 0x00 0x00 0x00 0x00 ,,,
164,SMSET,,SET,start,7,iCONT1,task4,Event,,,80,58746,,,158,1543947,,0x96 0x01 0x00 0x00 0x00 0x00 0x00 0x00 0x00 0x00 0x00 0x00 0x00 0x00 0x00 0x00 ,,,
164,SMSET,,SET,start,7,iCONT1,task4,Event,,,125,58871,,,256,1544105,,0x97 0x01 0x00 0x00 0x00 0x00 0x00 0x00 0x00 0x00 0x00 0x00 0x00 0x00 0x00 0x00 ,,,
164,SMSET,,SET,start,7,iCONT1,task4,Event,,,502,59373,,,1004,1544361,,0x98 0x01 0x00 0x00 0x00 0x00 0x00 0x00 0x00 0x00 0x00 0x00 0x00 0x00 0x00 0x00 ,,,
164,SMSET,,SET,stop,2,iCONT1,task1,Event,,,288,59661,,,584,1545365,,0x99 0x01 0x00 0x00 0x00 0x00 0x00 0x00 0x00 0x00 0x00 0x00 0x00 0x00 0x00 0x00 ,,,
164,SMSET,,SET,stop,8,iCONT1,task4,Event,,,20,59681,,,45,1545949,,0x9a 0x01 0x00 0x00 0x00 0x00 0x00 0x00 0x00 0x00 0x00 0x00 0x00 0x00 0x00 0x00 ,,,
164,SMSET,,SET,start,1,iCONT1,task1,Event,,,3,59684,,,2,1545994,,0x9b 0x01 0x00 0x00 0x00 0x00 0x00 0x00 0x00 0x00 0x00 0x00 0x00 0x00 0x00 0x00 ,,,
164,SMSET,,SET,start,7,iCONT1,task4,Event,,,0,59684,,,1,1545996,,0x9c 0x01 0x00 0x00 0x00 0x00 0x00 0x00 0x00 0x00 0x00 0x00 0x00 0x00 0x00 0x00 ,,,
164,SMSET,,SET,start,7,iCONT1,task4,Event,,,5,59689,,,15,1545997,,0x9d 0x01 0x00 0x00 0x00 0x00 0x00 0x00 0x00 0x00 0x00 0x00 0x00 0x00 0x00 0x00 ,,,
164,SMSET,,SET,start,7,iCONT1,task4,Event,,,292,59981,,,592,1546012,,0x9e 0x01 0x00 0x00 0x00 0x00 0x00 0x00 0x00 0x00 0x00 0x00 0x00 0x00 0x00 0x00 ,,,
164,SMSET,,SET,start,7,iCONT1,task4,Event,,,79,60060,,,158,1546604,,0x9f 0x01 0x00 0x00 0x00 0x00 0x00 0x00 0x00 0x00 0x00 0x00 0x00 0x00 0x00 0x00 ,,,
164,SMSET,,SET,start,7,iCONT1,task4,Event,,,125,60185,,,256,1546762,,0xa0 0x01 0x00 0x00 0x00 0x00 0x00 0x00 0x00 0x00 0x00 0x00 0x00 0x00 0x00 0x00 ,,,
164,SMSET,,SET,start,7,iCONT1,task4,Event,,,502,60687,,,1004,1547018,,0xa1 0x01 0x00 0x00 0x00 0x00 0x00 0x00 0x00 0x00 0x00 0x00 0x00 0x00 0x00 0x00 ,,,
164,SMSET,,SET,stop,2,iCONT1,task1,Event,,,248,60935,,,500,1548022,,0xa2 0x01 0x00 0x00 0x00 0x00 0x00 0x00 0x00 0x00 0x00 0x00 0x00 0x00 0x00 0x00 ,,,
164,SMSET,,SET,stop,8,iCONT1,task4,Event,,,27,60962,,,53,1548522,,0xa3 0x01 0x00 0x00 0x00 0x00 0x00 0x00 0x00 0x00 0x00 0x00 0x00 0x00 0x00 0x00 ,,,
164,SMSET,,SET,start,1,iCONT1,task1,Event,,,0,60962,,,2,1548575,,0xa4 0x01 0x00 0x00 0x00 0x00 0x00 0x00 0x00 0x00 0x00 0x00 0x00 0x00 0x00 0x00 ,,,
164,SMSET,,SET,start,7,iCONT1,task4,Event,,,2,60964,,,1,1548577,,0xa5 0x01 0x00 0x00 0x00 0x00 0x00 0x00 0x00 0x00 0x00 0x00 0x00 0x00 0x00 0x00 ,,,
164,SMSET,,SET,start,7,iCONT1,task4,Event,,,2,60966,,,15,1548578,,0xa6 0x01 0x00 0x00 0x00 0x00 0x00 0x00 0x00 0x00 0x00 0x00 0x00 0x00 0x00 0x00 ,,,
164,SMSET,,SET,start,7,iCONT1,task4,Event,,,292,61258,,,592,1548593,,0xa7 0x01 0x00 0x00 0x00 0x00 0x00 0x00 0x00 0x00 0x00 0x00 0x00 0x00 0x00 0x00 ,,,
164,SMSET,,SET,start,7,iCONT1,task4,Event,,,79,61337,,,158,1549185,,0xa8 0x01 0x00 0x00 0x00 0x00 0x00 0x00 0x00 0x00 0x00 0x00 0x00 0x00 0x00 0x00 ,,,
164,SMSET,,SET,start,7,iCONT1,task4,Event,,,125,61462,,,256,1549343,,0xa9 0x01 0x00 0x00 0x00 0x00 0x00 0x00 0x00 0x00 0x00 0x00 0x00 0x00 0x00 0x00 ,,,
164,SMSET,,SET,start,7,iCONT1,task4,Event,,,502,61964,,,1004,1549599,,0xaa 0x01 0x00 0x00 0x00 0x00 0x00 0x00 0x00 0x00 0x00 0x00 0x00 0x00 0x00 0x00 ,,,
164,SMSET,,SET,stop,2,iCONT1,task1,Event,,,264,62228,,,536,1550603,,0xab 0x01 0x00 0x00 0x00 0x00 0x00 0x00 0x00 0x00 0x00 0x00 0x00 0x00 0x00 0x00 ,,,
164,SMSET,,SET,stop,8,iCONT1,task4,Event,,,20,62248,,,40,1551139,,0xac 0x01 0x00 0x00 0x00 0x00 0x00 0x00 0x00 0x00 0x00 0x00 0x00 0x00 0x00 0x00 ,,,
164,SMSET,,SET,start,1,iCONT1,task1,Event,,,1,62249,,,2,1551179,,0xad 0x01 0x00 0x00 0x00 0x00 0x00 0x00 0x00 0x00 0x00 0x00 0x00 0x00 0x00 0x00 ,,,
164,SMSET,,SET,start,7,iCONT1,task4,Event,,,1,62250,,,1,1551181,,0xae 0x01 0x00 0x00 0x00 0x00 0x00 0x00 0x00 0x00 0x00 0x00 0x00 0x00 0x00 0x00 ,,,
164,SMSET,,SET,start,7,iCONT1,task4,Event,,,2,62252,,,15,1551182,,0xaf 0x01 0x00 0x00 0x00 0x00 0x00 0x00 0x00 0x00 0x00 0x00 0x00 0x00 0x00 0x00 ,,,
164,SMSET,,SET,start,7,iCONT1,task4,Event,,,292,62544,,,592,1551197,,0xb0 0x01 0x00 0x00 0x00 0x00 0x00 0x00 0x00 0x00 0x00 0x00 0x00 0x00 0x00 0x00 ,,,
164,SMSET,,SET,start,7,iCONT1,task4,Event,,,80,62624,,,158,1551789,,0xb1 0x01 0x00 0x00 0x00 0x00 0x00 0x00 0x00 0x00 0x00 0x00 0x00 0x00 0x00 0x00 ,,,
164,SMSET,,SET,start,7,iCONT1,task4,Event,,,128,62752,,,256,1551947,,0xb2 0x01 0x00 0x00 0x00 0x00 0x00 0x00 0x00 0x00 0x00 0x00 0x00 0x00 0x00 0x00 ,,,
164,SMSET,,SET,start,7,iCONT1,task4,Event,,,500,63252,,,1004,1552203,,0xb3 0x01 0x00 0x00 0x00 0x00 0x00 0x00 0x00 0x00 0x00 0x00 0x00 0x00 0x00 0x00 ,,,
164,SMSET,,SET,stop,2,iCONT1,task1,Event,,,300,63552,,,600,1553207,,0xb4 0x01 0x00 0x00 0x00 0x00 0x00 0x00 0x00 0x00 0x00 0x00 0x00 0x00 0x00 0x00 ,,,
164,SMSET,,SET,stop,8,iCONT1,task4,Event,,,13,63565,,,33,1553807,,0xb5 0x01 0x00 0x00 0x00 0x00 0x00 0x00 0x00 0x00 0x00 0x00 0x00 0x00 0x00 0x00 ,,,
164,SMSET,,SET,start,1,iCONT1,task1,Event,,,2,63567,,,2,1553840,,0xb6 0x01 0x00 0x00 0x00 0x00 0x00 0x00 0x00 0x00 0x00 0x00 0x00 0x00 0x00 0x00 ,,,
164,SMSET,,SET,start,7,iCONT1,task4,Event,,,1,63568,,,1,1553842,,0xb7 0x01 0x00 0x00 0x00 0x00 0x00 0x00 0x00 0x00 0x00 0x00 0x00 0x00 0x00 0x00 ,,,
164,SMSET,,SET,start,7,iCONT1,task4,Event,,,4,63572,,,15,1553843,,0xb8 0x01 0x00 0x00 0x00 0x00 0x00 0x00 0x00 0x00 0x00 0x00 0x00 0x00 0x00 0x00 ,,,
164,SMSET,,SET,start,7,iCONT1,task4,Event,,,292,63864,,,592,1553858,,0xb9 0x01 0x00 0x00 0x00 0x00 0x00 0x00 0x00 0x00 0x00 0x00 0x00 0x00 0x00 0x00 ,,,
164,SMSET,,SET,start,7,iCONT1,task4,Event,,,80,63944,,,158,1554450,,0xba 0x01 0x00 0x00 0x00 0x00 0x00 0x00 0x00 0x00 0x00 0x00 0x00 0x00 0x00 0x00 ,,,
164,SMSET,,SET,start,7,iCONT1,task4,Event,,,125,64069,,,256,1554608,,0xbb 0x01 0x00 0x00 0x00 0x00 0x00 0x00 0x00 0x00 0x00 0x00 0x00 0x00 0x00 0x00 ,,,
164,SMSET,,SET,start,7,iCONT1,task4,Event,,,502,64571,,,1004,1554864,,0xbc 0x01 0x00 0x00 0x00 0x00 0x00 0x00 0x00 0x00 0x00 0x00 0x00 0x00 0x00 0x00 ,,,
164,SMSET,,SET,stop,2,iCONT1,task1,Event,,,272,64843,,,552,1555868,,0xbd 0x01 0x00 0x00 0x00 0x00 0x00 0x00 0x00 0x00 0x00 0x00 0x00 0x00 0x00 0x00 ,,,
164,SMSET,,SET,stop,8,iCONT1,task4,Event,,,20,64863,,,36,1556420,,0xbe 0x01 0x00 0x00 0x00 0x00 0x00 0x00 0x00 0x00 0x00 0x00 0x00 0x00 0x00 0x00 ,,,
164,SMSET,,SET,start,1,iCONT1,task1,Event,,,0,64863,,,2,1556456,,0xbf 0x01 0x00 0x00 0x00 0x00 0x00 0x00 0x00 0x00 0x00 0x00 0x00 0x00 0x00 0x00 ,,,
164,SMSET,,SET,start,7,iCONT1,task4,Event,,,2,64865,,,1,1556458,,0xc0 0x01 0x00 0x00 0x00 0x00 0x00 0x00 0x00 0x00 0x00 0x00 0x00 0x00 0x00 0x00 ,,,
164,SMSET,,SET,start,7,iCONT1,task4,Event,,,2,64867,,,15,1556459,,0xc1 0x01 0x00 0x00 0x00 0x00 0x00 0x00 0x00 0x00 0x00 0x00 0x00 0x00 0x00 0x00 ,,,
164,SMSET,,SET,start,7,iCONT1,task4,Event,,,292,65159,,,592,1556474,,0xc2 0x01 0x00 0x00 0x00 0x00 0x00 0x00 0x00 0x00 0x00 0x00 0x00 0x00 0x00 0x00 ,,,
164,SMSET,,SET,start,7,iCONT1,task4,Event,,,79,65238,,,158,1557066,,0xc3 0x01 0x00 0x00 0x00 0x00 0x00 0x00 0x00 0x00 0x00 0x00 0x00 0x00 0x00 0x00 ,,,
164,SMSET,,SET,start,7,iCONT1,task4,Event,,,125,65363,,,256,1557224,,0xc4 0x01 0x00 0x00 0x00 0x00 0x00 0x00 0x00 0x00 0x00 0x00 0x00 0x00 0x00 0x00 ,,,
164,SMSET,,SET,start,7,iCONT1,task4,Event,,,502,65865,,,1004,1557480,,0xc5 0x01 0x00 0x00 0x00 0x00 0x00 0x00 0x00 0x00 0x00 0x00 0x00 0x00 0x00 0x00 ,,,
164,SMSET,,SET,stop,2,iCONT1,task1,Event,,,278,66143,,,560,1558484,,0xc6 0x01 0x00 0x00 0x00 0x00 0x00 0x00 0x00 0x00 0x00 0x00 0x00 0x00 0x00 0x00 ,,,
,,,,,,,,,,,,,End of trace,,,,,0xc6 0x01 0x00 0x00 0x00 0x00 0x00 0x00 0x01 0x00 0x00 0x00 0x00 0x00 0x00 0x00 ,,,
